TM,Week,Games,LiteNite,Opponents,SOS,MatchUp,B2B,Away,GamesRestOfWeek,GamesROS,Key
ANA,1,2,0,"SEA, S.J",34%,"Good [34,50]",0,2,0,80,ANA1
ANA,2,3,1,"PIT, CBJ, CHI",26%,"Excellent [32,32,14]",0,1,0,77,ANA2
ANA,3,3,0,"NSH, BOS, T.B",50%,"Good [52,48,50]",0,3,0,74,ANA3
ANA,4,3,2,"FLA, DET, N.J",72%,"Difficult [95,48,50]",0,1,0,71,ANA4
ANA,5,4,0,"FLA, DAL, VGK, WPG",79%,"Difficult [95,57,80,83]",2,2,0,67,ANA5
ANA,6,3,0,"CGY, DET, MIN",62%,"Average [66,48,72]",0,3,0,64,ANA6
ANA,7,4,1,"UTA, BOS, OTT, VGK",68%,"Average [77,43,72,80]",2,0,3,60,ANA7
ANA,8,3,1,"VAN, L.A, CHI",37%,"Good [59,50,15]",1,1,0,57,ANA8
ANA,9,4,3,"STL, UTA, WSH, CHI",59%,"Average [75,76,68,16]",1,1,0,53,ANA9
ANA,10,3,0,"PIT, NYI, N.J",36%,"Good [35,37,50]",0,3,0,50,ANA10
ANA,11,4,2,"NYR, COL, DAL, COL",71%,"Difficult [49,87,61,87]",4,2,0,46,ANA11
ANA,12,2,1,"SEA, L.A",49%,"Good [49,50]",0,1,0,44,ANA12
ANA,13,3,1,"S.J, T.B, MIN",61%,"Average [50,50,61]",0,0,0,41,ANA13
ANA,14,4,1,"WSH, PHI, CBJ, BUF",51%,"Average [70,66,32,37]",2,4,0,37,ANA14
ANA,15,3,1,"DAL, L.A, L.A",64%,"Average [64,50,50]",2,1,0,34,ANA15
ANA,16,4,0,"NYR, CGY, SEA, CAR",65%,"Average [58,72,55,75]",1,3,0,30,ANA16
ANA,17,3,2,"EDM, VAN, VGK",60%,"Average [59,39,81]",1,2,0,27,ANA17
ANA,18,4,1,"SEA, EDM, WPG, CAR",60%,"Average [57,58,52,75]",0,0,0,23,ANA18
ANA,19,4,1,"CGY, NYI, MTL, STL",53%,"Average [74,23,49,65]",2,0,0,19,ANA19
ANA,20,4,0,"WPG, TOR, OTT, MTL",52%,"Average [47,32,80,51]",2,4,0,15,ANA20
ANA,21,3,1,"PHI, UTA, BUF",61%,"Average [69,76,37]",0,1,0,12,ANA21
ANA,22,3,0,"VAN, CAR, EDM",52%,"Average [28,74,53]",0,3,0,9,ANA22
ANA,23,4,3,"TOR, S.J, STL, CAR",55%,"Average [28,50,62,74]",2,1,0,5,ANA23
ANA,24,5,0,"NSH, S.J, VAN, MIN, NSH",44%,"Good [56,50,23,43,56]",0,2,0,0,ANA24
BOS,1,3,1,"WSH, CHI, BUF",39%,"Good [66,14,38]",2,1,0,79,BOS1
BOS,2,4,1,"T.B, VGK, CGY, UTA",73%,"Difficult [50,79,64,77]",2,3,0,75,BOS2
BOS,3,3,0,"FLA, ANA, CGY",56%,"Average [96,9,64]",0,0,0,72,BOS3
BOS,4,4,1,"OTT, NYI, BUF, CBJ",46%,"Good [70,46,38,32]",2,1,0,68,BOS4
BOS,5,3,0,"NYI, OTT, TOR",56%,"Average [44,71,52]",0,2,0,65,BOS5
BOS,6,3,0,"TOR, OTT, MTL",49%,"Good [50,71,27]",0,2,0,62,BOS6
BOS,7,4,2,"CBJ, ANA, L.A, S.J",21%,"Excellent [32,10,50,50]",0,3,3,58,BOS7
BOS,8,3,0,"NYI, NYR, DET",43%,"Good [40,43,47]",2,1,0,55,BOS8
BOS,9,3,0,"DET, STL, N.J",61%,"Average [47,75,50]",0,1,0,52,BOS9
BOS,10,3,0,"STL, WPG, MIN",70%,"Average [74,71,65]",0,3,0,49,BOS10
BOS,11,4,0,"UTA, EDM, VAN, OTT",68%,"Average [76,66,53,75]",2,0,0,45,BOS11
BOS,12,2,0,"MTL, BUF",37%,"Good [37,37]",0,1,0,43,BOS12
BOS,13,3,0,"CAR, EDM, VAN",62%,"Average [75,63,48]",0,3,0,40,BOS13
BOS,14,4,1,"SEA, CAR, NYR, PIT",54%,"Average [52,75,54,36]",2,1,0,36,BOS14
BOS,15,3,0,"DET, SEA, CHI",38%,"Good [45,53,17]",0,1,0,33,BOS15
BOS,16,3,0,"DAL, VGK, MTL",63%,"Average [64,81,44]",0,1,0,30,BOS16
BOS,17,4,2,"NYR, NSH, PHI, T.B",61%,"Average [60,55,67,50]",2,2,0,26,BOS17
BOS,18,3,0,"FLA, COL, PHI",82%,"Difficult [88,90,67]",0,2,0,23,BOS18
BOS,19,4,0,"PIT, NSH, WSH, PIT",51%,"Average [38,55,72,38]",2,2,0,19,BOS19
BOS,20,3,0,"L.A, S.J, WSH",72%,"Difficult [50,50,72]",0,1,0,16,BOS20
BOS,21,4,1,"N.J, MTL, WPG, DET",47%,"Good [50,52,45,43]",2,3,0,12,BOS21
BOS,22,4,1,"TOR, BUF, MIN, COL",51%,"Average [29,37,46,91]",4,2,0,8,BOS22
BOS,23,4,0,"DAL, FLA, T.B, PHI",74%,"Difficult [69,85,50,69]",2,3,0,4,BOS23
BOS,24,4,0,"CBJ, T.B, COL, N.J",62%,"Average [33,50,92,50]",2,2,0,0,BOS24
BUF,1,2,0,"NYR, BOS",40%,"Good [30,50]",0,1,0,80,BUF1
BUF,2,3,1,"CGY, OTT, FLA",76%,"Difficult [64,69,96]",0,0,0,77,BUF2
BUF,3,4,3,"MTL, DET, TOR, TOR",44%,"Good [21,48,54,54]",2,2,0,73,BUF3
BUF,4,3,0,"COL, BOS, WSH",66%,"Average [85,46,67]",0,1,0,70,BUF4
BUF,5,3,0,"UTA, STL, CBJ",62%,"Average [77,78,32]",0,1,0,67,BUF5
BUF,6,3,1,"UTA, CGY, DET",64%,"Average [77,66,48]",2,3,0,64,BUF6
BUF,7,4,2,"EDM, CAR, CHI, CBJ",48%,"Good [70,76,15,32]",0,0,3,60,BUF7
BUF,8,3,0,"PIT, N.J, MIN",52%,"Average [34,50,69]",2,2,0,57,BUF8
BUF,9,3,3,"WPG, PHI, WPG",70%,"Average [73,64,73]",0,2,0,54,BUF9
BUF,10,4,1,"CAR, EDM, VAN, SEA",61%,"Average [76,67,55,46]",2,4,0,50,BUF10
BUF,11,3,0,"PHI, NYI, N.J",50%,"Good [65,35,50]",2,1,0,47,BUF11
BUF,12,2,0,"OTT, BOS",56%,"Average [75,36]",0,1,0,45,BUF12
BUF,13,3,0,"STL, DAL, COL",74%,"Difficult [71,62,88]",0,3,0,42,BUF13
BUF,14,3,0,"VAN, NYR, ANA",37%,"Good [46,54,12]",0,1,0,39,BUF14
BUF,15,4,1,"FLA, PHI, MTL, MIN",64%,"Average [89,66,42,57]",2,0,0,35,BUF15
BUF,16,4,0,"CBJ, NSH, MTL, NYI",40%,"Good [33,55,44,28]",2,4,0,31,BUF16
BUF,17,3,0,"TOR, L.A, MTL",41%,"Good [36,50,46]",0,1,0,28,BUF17
BUF,18,6,1,"FLA, T.B, PIT, N.J, FLA, T.B",71%,"Difficult [88,50,38,50,88,50]",4,5,0,22,BUF18
BUF,19,4,0,"VGK, PIT, NSH, T.B",58%,"Average [81,38,55,50]",2,1,0,18,BUF19
BUF,20,3,0,"S.J, WSH, TOR",52%,"Average [50,72,32]",0,0,0,15,BUF20
BUF,21,4,0,"VGK, S.J, L.A, ANA",48%,"Good [82,50,50,14]",2,4,0,11,BUF21
BUF,22,3,2,"BOS, DET, SEA",43%,"Good [24,43,63]",2,0,0,8,BUF22
BUF,23,3,0,"NYI, OTT, WSH",57%,"Average [17,82,73]",0,2,0,5,BUF23
BUF,24,5,2,"T.B, NYR, COL, CHI, DAL",63%,"Average [50,73,92,19,69]",2,2,0,0,BUF24
CAR,1,3,1,"EDM, VAN, STL",78%,"Difficult [77,75,82]",2,2,0,79,CAR1
CAR,2,3,1,"VGK, UTA, VGK",78%,"Difficult [79,77,79]",2,2,0,76,CAR2
CAR,3,4,3,"WPG, MTL, WPG, NYR",57%,"Average [87,21,87,34]",0,1,0,72,CAR3
CAR,4,4,1,"TOR, OTT, NSH, PHI",60%,"Average [53,70,53,62]",2,4,0,68,CAR4
CAR,5,3,2,"COL, CHI, MIN",58%,"Average [85,15,74]",0,1,0,65,CAR5
CAR,6,3,0,"STL, S.J, WPG",78%,"Difficult [77,50,80]",0,1,0,62,CAR6
CAR,7,4,1,"CHI, BUF, DAL, VAN",44%,"Good [15,38,59,62]",4,3,4,58,CAR7
CAR,8,3,1,"T.B, FLA, CBJ",62%,"Average [50,93,32]",0,3,0,55,CAR8
CAR,9,3,0,"NSH, MIN, UTA",65%,"Average [53,67,76]",0,1,0,52,CAR9
CAR,10,3,2,"BUF, DET, L.A",42%,"Good [37,47,50]",0,1,0,49,CAR10
CAR,11,3,0,"S.J, SEA, VGK",64%,"Average [50,48,80]",0,1,0,46,CAR11
CAR,12,2,0,"EDM, EDM",64%,"Average [64,64]",0,1,0,44,CAR12
CAR,13,3,0,"BOS, PHI, NSH",52%,"Average [35,66,54]",0,0,0,41,CAR13
CAR,14,4,2,"SEA, MTL, BOS, PIT",40%,"Good [52,40,34,36]",2,3,0,37,CAR14
CAR,15,3,0,"COL, CHI, NYI",45%,"Good [89,17,29]",0,2,0,34,CAR15
CAR,16,4,0,"N.J, PIT, WSH, ANA",40%,"Good [50,37,71,13]",0,0,0,30,CAR16
CAR,17,2,0,"MIN, S.J",54%,"Average [54,50]",0,1,0,28,CAR17
CAR,18,5,0,"TOR, EDM, S.J, L.A, ANA",35%,"Good [35,58,50,50,13]",2,3,0,23,CAR18
CAR,19,3,0,"DAL, OTT, CBJ",60%,"Average [66,80,33]",0,0,0,20,CAR19
CAR,20,4,1,"WSH, NYR, N.J, NYI",53%,"Average [72,65,50,22]",2,4,0,16,CAR20
CAR,21,4,2,"DET, STL, FLA, T.B",64%,"Average [43,63,86,50]",0,1,0,12,CAR21
CAR,22,3,0,"L.A, ANA, VAN",22%,"Excellent [50,15,28]",0,0,0,9,CAR22
CAR,23,3,1,"CGY, VGK, ANA",58%,"Average [76,82,15]",0,3,0,6,CAR23
CAR,24,6,0,"DAL, CGY, SEA, UTA, CGY, L.A",72%,"Difficult [69,76,66,75,76,50]",2,3,0,0,CAR24
CBJ,1,2,0,"N.J, PHI",61%,"Average [50,61]",0,0,0,80,CBJ1
CBJ,2,3,0,"S.J, ANA, L.A",8%,"Excellent [50,8,50]",0,3,0,77,CBJ2
CBJ,3,3,1,"VGK, CGY, DAL",66%,"Average [79,64,56]",0,3,0,74,CBJ3
CBJ,4,3,0,"VGK, NYI, BOS",57%,"Average [79,46,46]",0,1,0,71,CBJ4
CBJ,5,4,0,"NYR, MIN, BUF, TOR",50%,"Good [37,74,38,52]",2,2,0,67,CBJ5
CBJ,6,3,1,"WSH, VAN, EDM",68%,"Average [68,64,71]",2,0,0,64,CBJ6
CBJ,7,4,2,"BOS, MIN, WPG, BUF",57%,"Average [43,70,78,38]",0,4,3,60,CBJ7
CBJ,8,3,1,"NYR, WPG, CAR",65%,"Average [43,76,76]",0,0,0,57,CBJ8
CBJ,9,3,0,"TOR, NSH, S.J",50%,"Good [47,53,50]",2,0,0,54,CBJ9
CBJ,10,4,0,"COL, WSH, PHI, PHI",71%,"Difficult [87,69,64,64]",2,2,0,50,CBJ10
CBJ,11,3,2,"NSH, FLA, T.B",72%,"Difficult [54,91,50]",2,3,0,47,CBJ11
CBJ,12,2,0,"FLA, DET",68%,"Average [91,46]",0,0,0,45,CBJ12
CBJ,13,5,2,"NYR, PIT, MTL, CGY, N.J",49%,"Good [52,36,39,70,50]",4,2,0,40,CBJ13
CBJ,14,3,0,"DAL, ANA, SEA",42%,"Good [63,12,52]",0,0,0,37,CBJ14
CBJ,15,4,1,"DET, STL, FLA, N.J",68%,"Average [45,69,89,50]",4,3,0,33,CBJ15
CBJ,16,3,0,"BUF, CHI, OTT",44%,"Good [37,17,78]",0,1,0,30,CBJ16
CBJ,17,3,1,"UTA, WSH, L.A",74%,"Difficult [76,71,50]",2,1,0,27,CBJ17
CBJ,18,4,0,"OTT, NYR, T.B, DET",62%,"Average [79,62,50,44]",0,1,0,23,CBJ18
CBJ,19,4,1,"SEA, VAN, EDM, CAR",56%,"Average [59,35,57,75]",2,4,0,19,CBJ19
CBJ,20,3,0,"PIT, STL, T.B",52%,"Average [39,64,50]",0,1,0,16,CBJ20
CBJ,21,4,1,"COL, PIT, TOR, PIT",50%,"Good [91,39,31,39]",2,3,0,12,CBJ21
CBJ,22,3,0,"MTL, N.J, MTL",54%,"Average [54,50,54]",2,1,0,9,CBJ22
CBJ,23,4,0,"COL, COL, NYI, OTT",71%,"Difficult [92,92,17,82]",2,2,0,5,CBJ23
CBJ,24,5,0,"BOS, CHI, UTA, PHI, NYI",40%,"Good [21,19,75,70,16]",2,4,0,0,CBJ24
CGY,1,3,1,"L.A, UTA, DAL",66%,"Average [50,77,55]",0,1,0,79,CGY1
CGY,2,3,0,"BUF, COL, BOS",57%,"Average [38,84,49]",0,2,0,76,CGY2
CGY,3,4,0,"UTA, CBJ, BOS, N.J",52%,"Average [77,32,48,50]",2,3,0,72,CGY3
CGY,4,3,1,"N.J, VGK, S.J",79%,"Difficult [50,79,50]",2,2,0,69,CGY4
CGY,5,3,0,"T.B, EDM, VAN",69%,"Average [50,72,66]",2,2,0,66,CGY5
CGY,6,3,1,"ANA, BUF, NYI",30%,"Excellent [10,38,43]",0,0,0,63,CGY6
CGY,7,3,0,"NYR, NSH, CHI",36%,"Good [41,53,15]",2,2,3,60,CGY7
CGY,8,3,0,"S.J, MIN, MTL",50%,"Good [50,69,30]",2,1,0,57,CGY8
CGY,9,4,0,"VAN, NYI, NYR, PHI",51%,"Average [57,38,45,64]",2,3,0,53,CGY9
CGY,10,3,0,"NSH, FLA, NSH",67%,"Average [54,92,54]",0,1,0,50,CGY10
CGY,11,3,1,"SEA, WPG, MIN",60%,"Average [48,69,64]",0,2,0,47,CGY11
CGY,12,2,0,"UTA, VGK",78%,"Difficult [76,81]",0,1,0,45,CGY12
CGY,13,4,1,"L.A, STL, CBJ, FLA",64%,"Average [50,71,32,90]",2,2,0,41,CGY13
CGY,14,3,0,"T.B, OTT, COL",82%,"Difficult [50,77,88]",0,1,0,38,CGY14
CGY,15,2,1,"TOR, NSH",46%,"Good [39,54]",0,0,0,36,CGY15
CGY,16,4,0,"WSH, ANA, PHI, TOR",47%,"Good [71,13,67,37]",0,1,0,32,CGY16
CGY,17,3,1,"OTT, MTL, DET",56%,"Average [78,46,45]",2,3,0,29,CGY17
CGY,18,5,0,"DET, S.J, UTA, MIN, CHI",48%,"Good [44,50,76,52,18]",2,1,0,24,CGY18
CGY,19,4,0,"L.A, ANA, DAL, MIN",44%,"Good [50,14,66,51]",2,3,0,20,CGY19
CGY,20,3,0,"EDM, SEA, WPG",54%,"Average [55,60,47]",0,2,0,17,CGY20
CGY,21,4,2,"PIT, DAL, CHI, WSH",49%,"Good [39,67,18,72]",0,2,0,13,CGY21
CGY,22,3,0,"PIT, WPG, WPG",42%,"Good [39,43,43]",0,2,0,10,CGY22
CGY,23,4,2,"CAR, VAN, DAL, STL",58%,"Average [74,26,69,62]",2,1,0,6,CGY23
CGY,24,6,0,"STL, CAR, VGK, EDM, CAR, SEA",68%,"Average [61,74,82,51,74,66]",2,3,0,0,CGY24
CHI,1,3,1,"FLA, BOS, MTL",55%,"Average [97,50,18]",0,2,0,79,CHI1
CHI,2,4,3,"UTA, STL, VAN, ANA",60%,"Average [77,81,73,8]",0,1,0,75,CHI2
CHI,3,2,0,"T.B, L.A",50%,"Good [50,50]",0,1,0,73,CHI3
CHI,4,3,0,"OTT, WPG, EDM",76%,"Difficult [70,85,74]",0,2,0,70,CHI4
CHI,5,4,3,"SEA, VAN, CAR, DET",58%,"Average [40,66,76,48]",0,4,0,66,CHI5
CHI,6,2,1,"N.J, TOR",50%,"Good [50,50]",0,0,0,64,CHI6
CHI,7,4,1,"CAR, SEA, BUF, CGY",56%,"Average [76,42,38,67]",2,1,4,60,CHI7
CHI,8,3,1,"MIN, NSH, ANA",44%,"Good [69,53,10]",0,0,0,57,CHI8
CHI,9,4,0,"VGK, L.A, L.A, ANA",45%,"Good [80,50,50,10]",2,4,0,53,CHI9
CHI,10,3,2,"NYR, STL, DET",56%,"Average [47,74,47]",2,1,0,50,CHI10
CHI,11,3,0,"TOR, MTL, OTT",51%,"Average [44,35,75]",0,3,0,47,CHI11
CHI,12,3,1,"PHI, DAL, PIT",54%,"Average [65,62,36]",2,1,0,44,CHI12
CHI,13,4,2,"NYI, DAL, WSH, VGK",61%,"Average [32,62,70,81]",2,1,0,40,CHI13
CHI,14,3,2,"STL, WSH, NSH",65%,"Average [70,70,54]",2,1,0,37,CHI14
CHI,15,3,0,"EDM, CAR, BOS",56%,"Average [61,75,33]",0,0,0,34,CHI15
CHI,16,4,0,"WPG, CBJ, T.B, FLA",60%,"Average [57,33,50,89]",2,1,0,30,CHI16
CHI,17,3,1,"MIN, PIT, COL",61%,"Average [54,38,90]",2,2,0,27,CHI17
CHI,18,5,0,"S.J, COL, NSH, CGY, UTA",74%,"Difficult [50,90,55,73,76]",2,4,0,22,CHI18
CHI,19,3,0,"WPG, VAN, DAL",50%,"Good [50,35,66]",1,2,0,19,CHI19
CHI,20,3,1,"UTA, UTA, VGK",78%,"Difficult [76,76,82]",1,2,0,16,CHI20
CHI,21,4,1,"MIN, MIN, CGY, NSH",56%,"Average [48,48,75,55]",2,1,0,12,CHI21
CHI,22,4,1,"NYI, PHI, NYR, N.J",52%,"Average [19,69,69,50]",2,4,0,8,CHI22
CHI,23,3,0,"WPG, EDM, SEA",52%,"Average [40,52,64]",0,2,0,5,CHI23
CHI,24,5,1,"S.J, CBJ, STL, BUF, S.J",43%,"Good [50,33,61,36,50]",0,1,0,0,CHI24
COL,1,2,0,"NSH, MIN",66%,"Average [52,80]",0,2,0,80,COL1
COL,2,3,0,"N.J, CGY, T.B",64%,"Average [50,64,50]",0,0,0,77,COL2
COL,3,3,1,"DAL, WSH, PIT",52%,"Average [56,67,33]",2,2,0,74,COL3
COL,4,4,2,"BUF, TOR, STL, NYI",54%,"Average [38,53,79,46]",4,2,0,70,COL4
COL,5,2,1,"CAR, VAN",71%,"Difficult [76,66]",0,2,0,68,COL5
COL,6,4,1,"EDM, SEA, EDM, NYR",56%,"Average [71,41,71,39]",2,2,0,64,COL6
COL,7,4,0,"MTL, WPG, TOR, DET",50%,"Good [28,78,49,47]",2,3,3,60,COL7
COL,8,3,0,"WSH, TOR, PIT",50%,"Good [68,48,34]",0,1,0,57,COL8
COL,9,4,1,"N.J, DET, FLA, WSH",69%,"Average [50,47,93,68]",2,3,0,53,COL9
COL,10,3,0,"CBJ, OTT, VGK",62%,"Average [32,74,80]",0,1,0,50,COL10
COL,11,3,0,"ANA, MIN, ANA",29%,"Excellent [11,64,11]",0,1,0,47,COL11
COL,12,2,2,"L.A, NYI",34%,"Good [50,34]",1,1,0,45,COL12
COL,13,4,1,"OTT, N.J, BUF, PIT",50%,"Good [76,50,37,36]",3,1,0,41,COL13
COL,14,4,1,"S.J, VGK, CGY, UTA",76%,"Difficult [50,81,71,76]",2,4,0,37,COL14
COL,15,3,0,"CAR, VAN, PIT",52%,"Average [75,44,37]",0,1,0,34,COL15
COL,16,3,0,"OTT, DAL, T.B",71%,"Difficult [78,64,50]",0,0,0,31,COL16
COL,17,4,3,"L.A, PHI, CHI, STL",50%,"Good [50,67,17,67]",2,2,0,27,COL17
COL,18,4,0,"N.J, CHI, BOS, NYI",24%,"Excellent [50,18,29,25]",2,2,0,23,COL18
COL,19,4,0,"NYR, NSH, FLA, UTA",70%,"Average [64,55,87,76]",2,1,0,19,COL19
COL,20,3,0,"T.B, FLA, PHI",78%,"Difficult [50,87,68]",0,3,0,16,COL20
COL,21,4,0,"CBJ, NYR, SEA, NYI",46%,"Good [33,67,62,20]",2,1,0,12,COL21
COL,22,4,0,"PHI, MTL, S.J, BOS",49%,"Good [69,54,50,24]",2,2,0,8,COL22
COL,23,3,0,"CBJ, CBJ, WPG",35%,"Good [33,33,40]",0,1,0,5,COL23
COL,24,5,0,"DET, BUF, MTL, BOS, WSH",46%,"Good [43,36,58,21,73]",2,3,0,0,COL24
DAL,1,2,0,"WPG, CGY",78%,"Difficult [92,63]",0,2,0,80,DAL1
DAL,2,3,0,"MIN, VAN, STL",77%,"Difficult [78,73,81]",0,1,0,77,DAL2
DAL,3,4,0,"COL, L.A, CBJ, NSH",56%,"Average [85,50,32,52]",2,1,0,73,DAL3
DAL,4,3,0,"WSH, T.B, FLA",81%,"Difficult [67,50,95]",0,2,0,70,DAL4
DAL,5,4,0,"EDM, ANA, NSH, SEA",44%,"Good [72,9,53,40]",2,1,0,66,DAL5
DAL,6,3,0,"OTT, MTL, PHI",54%,"Average [71,27,63]",0,2,0,63,DAL6
DAL,7,3,0,"NYI, VAN, CAR",60%,"Average [41,62,76]",0,2,3,60,DAL7
DAL,8,4,2,"EDM, SEA, UTA, OTT",66%,"Average [69,44,77,73]",2,2,0,56,DAL8
DAL,9,4,2,"NYR, N.J, S.J, PIT",40%,"Good [45,50,50,35]",2,2,0,52,DAL9
DAL,10,3,0,"WPG, MIN, FLA",76%,"Difficult [71,65,92]",0,2,0,49,DAL10
DAL,11,4,2,"L.A, S.J, ANA, TOR",28%,"Excellent [50,50,11,44]",2,2,0,45,DAL11
DAL,12,2,0,"DET, CHI",31%,"Good [46,16]",0,1,0,43,DAL12
DAL,13,3,1,"BUF, CHI, MTL",31%,"Good [37,16,39]",2,1,0,40,DAL13
DAL,14,3,1,"CBJ, WSH, S.J",51%,"Average [32,70,50]",2,3,0,37,DAL14
DAL,15,4,1,"L.A, ANA, UTA, T.B",44%,"Good [50,12,76,50]",2,3,0,33,DAL15
DAL,16,3,0,"BOS, COL, STL",63%,"Average [31,89,68]",2,1,0,30,DAL16
DAL,17,3,0,"STL, VGK, UTA",75%,"Difficult [67,81,76]",0,3,0,27,DAL17
DAL,18,4,0,"WPG, STL, SEA, NSH",58%,"Average [52,66,57,55]",0,0,0,23,DAL18
DAL,19,4,0,"VAN, CAR, CGY, CHI",50%,"Good [35,75,74,18]",2,2,0,19,DAL19
DAL,20,3,0,"VGK, EDM, DET",60%,"Average [82,55,44]",0,0,0,16,DAL20
DAL,21,4,1,"UTA, CGY, MIN, VGK",70%,"Average [76,75,48,82]",2,2,0,12,DAL21
DAL,22,4,0,"N.J, NYI, PIT, PHI",42%,"Good [50,19,39,69]",2,3,0,8,DAL22
DAL,23,3,0,"BOS, WPG, CGY",46%,"Good [23,40,76]",0,1,0,5,DAL23
DAL,24,5,0,"CAR, MIN, NYR, TOR, BUF",51%,"Average [74,43,73,27,36]",0,2,0,0,DAL24
DET,1,2,0,"MTL, TOR",38%,"Good [18,57]",0,0,0,80,DET1
DET,2,4,3,"TOR, FLA, T.B, EDM",76%,"Difficult [56,96,50,76]",0,1,0,76,DET2
DET,3,3,1,"BUF, NYI, STL",55%,"Average [38,47,80]",2,2,0,73,DET3
DET,4,4,2,"STL, L.A, ANA, S.J",44%,"Good [79,50,9,50]",2,4,0,69,DET4
DET,5,3,1,"VGK, NYR, CHI",44%,"Good [80,37,15]",0,1,0,66,DET5
DET,6,3,1,"ANA, BUF, NYR",29%,"Excellent [10,38,39]",2,1,0,63,DET6
DET,7,3,0,"SEA, NYI, COL",56%,"Average [42,41,86]",0,0,3,60,DET7
DET,8,4,0,"N.J, NSH, T.B, BOS",47%,"Good [50,53,50,41]",2,2,0,56,DET8
DET,9,3,0,"BOS, COL, SEA",57%,"Average [40,87,45]",0,2,0,53,DET9
DET,10,4,2,"VAN, CAR, EDM, CHI",54%,"Average [55,76,67,16]",2,4,0,49,DET10
DET,11,4,1,"NYI, UTA, WSH, WSH",62%,"Average [35,76,69,69]",4,1,0,45,DET11
DET,12,3,1,"DAL, CBJ, TOR",46%,"Good [62,32,43]",2,1,0,42,DET12
DET,13,3,0,"WPG, PIT, PIT",45%,"Good [64,36,36]",2,1,0,39,DET13
DET,14,3,1,"OTT, VAN, MTL",54%,"Average [77,46,40]",0,2,0,36,DET14
DET,15,4,2,"CBJ, BOS, S.J, OTT",47%,"Good [32,33,50,77]",2,1,0,32,DET15
DET,16,3,0,"TOR, MIN, WPG",50%,"Good [37,56,57]",2,3,0,29,DET16
DET,17,3,0,"L.A, WSH, CGY",72%,"Difficult [50,71,72]",0,0,0,26,DET17
DET,18,4,0,"CGY, UTA, OTT, CBJ",65%,"Average [73,76,79,33]",0,4,0,22,DET18
DET,19,4,1,"NSH, VGK, FLA, N.J",74%,"Difficult [55,81,87,50]",0,2,0,18,DET19
DET,20,3,0,"FLA, T.B, DAL",77%,"Difficult [87,50,67]",0,3,0,15,DET20
DET,21,3,1,"CAR, MTL, BOS",50%,"Good [74,52,25]",0,0,0,12,DET21
DET,22,3,1,"OTT, BUF, PHI",63%,"Average [82,37,69]",2,1,0,9,DET22
DET,23,4,0,"PIT, PHI, NYR, MIN",56%,"Average [40,69,71,44]",2,3,0,5,DET23
DET,24,5,0,"COL, PHI, N.J, T.B, FLA",82%,"Difficult [92,70,50,50,84]",0,2,0,0,DET24
EDM,1,2,1,"CAR, VAN",76%,"Difficult [77,75]",0,0,0,80,EDM1
EDM,2,4,1,"NYR, NYI, N.J, DET",43%,"Good [32,49,50,49]",2,4,0,76,EDM2
EDM,3,4,0,"OTT, MTL, SEA, VAN",50%,"Good [69,21,37,71]",2,3,0,72,EDM3
EDM,4,3,0,"UTA, NYR, CHI",43%,"Good [77,36,15]",0,0,0,69,EDM4
EDM,5,3,1,"STL, DAL, CGY",67%,"Average [78,57,65]",2,2,0,66,EDM5
EDM,6,4,2,"COL, PHI, COL, CBJ",67%,"Average [86,63,86,32]",2,3,0,62,EDM6
EDM,7,4,1,"BUF, WSH, T.B, FLA",67%,"Average [38,68,50,94]",2,4,3,58,EDM7
EDM,8,2,1,"DAL, SEA",52%,"Average [59,44]",0,1,0,56,EDM8
EDM,9,3,0,"MIN, SEA, WPG",62%,"Average [67,45,73]",0,0,0,53,EDM9
EDM,10,4,0,"BUF, DET, TOR, MTL",41%,"Good [37,47,45,34]",2,2,0,49,EDM10
EDM,11,4,0,"PIT, BOS, MIN, VGK",54%,"Average [35,38,64,80]",2,3,0,45,EDM11
EDM,12,2,0,"CAR, CAR",75%,"Difficult [75,75]",0,1,0,43,EDM12
EDM,13,3,0,"WPG, BOS, PHI",55%,"Average [64,35,66]",0,1,0,40,EDM13
EDM,14,3,0,"NSH, WPG, L.A",58%,"Average [54,62,50]",0,1,0,37,EDM14
EDM,15,5,1,"CHI, NSH, NYI, VAN, STL",43%,"Good [17,54,29,44,69]",4,3,0,32,EDM15
EDM,16,3,0,"N.J, PIT, WSH",54%,"Average [50,37,71]",0,0,0,29,EDM16
EDM,17,3,1,"ANA, S.J, MIN",34%,"Good [13,50,54]",0,0,0,26,EDM17
EDM,18,5,0,"TOR, CAR, ANA, L.A, S.J",41%,"Good [35,75,13,50,50]",4,4,0,21,EDM18
EDM,19,3,0,"OTT, CBJ, VGK",65%,"Average [80,33,81]",0,1,0,18,EDM19
EDM,20,4,1,"CGY, DAL, STL, NSH",65%,"Average [74,67,64,55]",2,3,0,14,EDM20
EDM,21,3,0,"S.J, FLA, T.B",86%,"Difficult [50,86,50]",0,0,0,11,EDM21
EDM,22,3,0,"UTA, VGK, ANA",58%,"Average [76,82,15]",0,2,0,8,EDM22
EDM,23,3,0,"SEA, CHI, VGK",55%,"Average [64,19,82]",0,0,0,5,EDM23
EDM,24,5,1,"UTA, S.J, L.A, CGY, VAN",58%,"Average [75,50,50,76,23]",2,3,0,0,EDM24
FLA,1,3,1,"CHI, PHI, OTT",48%,"Good [14,61,68]",0,0,0,79,FLA1
FLA,2,4,1,"PHI, DET, N.J, BUF",49%,"Good [61,49,50,38]",2,4,0,75,FLA2
FLA,3,3,0,"BOS, PIT, VGK",53%,"Average [48,33,79]",0,1,0,72,FLA3
FLA,4,2,0,"ANA, DAL",33%,"Good [9,57]",0,0,0,70,FLA4
FLA,5,3,0,"ANA, L.A, S.J",9%,"Excellent [9,50,50]",0,3,0,67,FLA5
FLA,6,3,1,"VGK, WSH, T.B",74%,"Difficult [80,68,50]",0,1,0,64,FLA6
FLA,7,3,0,"VAN, N.J, EDM",66%,"Average [62,50,70]",0,0,2,61,FLA7
FLA,8,3,0,"NSH, PHI, CAR",64%,"Average [53,64,76]",0,1,0,58,FLA8
FLA,9,4,0,"TOR, NSH, COL, NYI",56%,"Average [47,53,87,38]",2,0,0,54,FLA9
FLA,10,3,1,"UTA, CGY, DAL",68%,"Average [76,68,61]",2,3,0,51,FLA10
FLA,11,4,3,"T.B, L.A, CBJ, STL",52%,"Average [50,50,32,73]",2,1,0,47,FLA11
FLA,12,2,0,"CBJ, T.B",32%,"Good [32,50]",0,1,0,45,FLA12
FLA,13,4,3,"WSH, MTL, NYR, CGY",58%,"Average [70,39,52,70]",2,0,0,41,FLA13
FLA,14,3,0,"TOR, MTL, OTT",52%,"Average [40,40,77]",0,3,0,38,FLA14
FLA,15,3,1,"BUF, CBJ, WSH",46%,"Good [37,32,70]",2,3,0,35,FLA15
FLA,16,4,0,"S.J, WPG, MIN, CHI",43%,"Good [50,57,56,17]",2,3,0,31,FLA16
FLA,17,3,0,"UTA, STL, WPG",66%,"Average [76,67,54]",0,1,0,28,FLA17
FLA,18,6,1,"BUF, BOS, T.B, TOR, BUF, NYI",33%,"Good [37,29,50,35,37,25]",4,2,0,22,FLA18
FLA,19,3,0,"N.J, COL, DET",67%,"Average [50,90,44]",2,3,0,19,FLA19
FLA,20,3,0,"DET, COL, SEA",65%,"Average [44,91,60]",0,1,0,16,FLA20
FLA,21,3,1,"VAN, EDM, CAR",53%,"Average [30,54,74]",2,3,0,13,FLA21
FLA,22,4,0,"SEA, MIN, NYI, NYR",49%,"Good [63,46,19,69]",2,2,0,9,FLA22
FLA,23,4,0,"OTT, BOS, PIT, PIT",46%,"Good [82,23,40,40]",2,2,0,5,FLA23
FLA,24,5,0,"MTL, OTT, TOR, NYR, DET",57%,"Average [58,83,27,73,43]",0,3,0,0,FLA24
L.A,1,3,2,"CGY, VGK, WPG",78%,"Difficult [63,79,92]",2,2,0,79,L.A1
L.A,2,3,0,"MIN, PIT, CBJ",47%,"Good [78,32,32]",0,1,0,76,L.A2
L.A,3,4,0,"STL, DAL, NSH, CHI",50%,"Good [80,56,52,14]",2,4,0,72,L.A3
L.A,4,3,0,"S.J, DET, N.J",48%,"Good [50,48,50]",0,1,0,69,L.A4
L.A,5,3,0,"WPG, FLA, PIT",70%,"Average [83,95,33]",0,1,0,66,L.A5
L.A,6,3,0,"MTL, TOR, OTT",49%,"Good [27,50,71]",0,3,0,63,L.A6
L.A,7,3,1,"WSH, S.J, BOS",56%,"Average [68,50,43]",2,2,2,60,L.A7
L.A,8,3,0,"OTT, ANA, VAN",47%,"Good [73,10,59]",2,1,0,57,L.A8
L.A,9,3,0,"WSH, CHI, CHI",33%,"Good [68,16,16]",0,0,0,54,L.A9
L.A,10,3,2,"UTA, SEA, CAR",66%,"Average [76,46,76]",0,2,0,51,L.A10
L.A,11,3,2,"DAL, FLA, T.B",76%,"Difficult [61,91,50]",2,3,0,48,L.A11
L.A,12,3,1,"COL, SEA, ANA",49%,"Good [88,49,11]",2,0,0,45,L.A12
L.A,13,3,0,"CGY, T.B, MIN",66%,"Average [70,50,61]",0,1,0,42,L.A13
L.A,14,4,3,"MIN, S.J, WPG, EDM",61%,"Average [59,50,62,62]",2,2,0,38,L.A14
L.A,15,4,2,"DAL, VGK, ANA, ANA",42%,"Good [64,81,12,12]",2,1,0,34,L.A15
L.A,16,2,0,"NYR, STL",63%,"Average [58,68]",0,1,0,32,L.A16
L.A,17,5,2,"COL, DET, BUF, PHI, CBJ",54%,"Average [90,45,37,67,33]",4,5,0,27,L.A17
L.A,18,5,0,"SEA, VGK, VGK, EDM, CAR",70%,"Average [57,81,81,58,75]",4,1,0,22,L.A18
L.A,19,3,0,"CGY, NYI, MTL",49%,"Good [74,23,49]",0,0,0,19,L.A19
L.A,20,3,1,"BOS, NYI, N.J",24%,"Excellent [26,22,50]",2,3,0,16,L.A20
L.A,21,4,1,"NYR, PHI, BUF, UTA",62%,"Average [67,69,37,76]",2,2,0,12,L.A21
L.A,22,3,0,"CAR, VAN, UTA",59%,"Average [74,28,76]",0,2,0,9,L.A22
L.A,23,3,1,"STL, NSH, TOR",49%,"Good [62,56,28]",2,0,0,6,L.A23
L.A,24,6,1,"NSH, VAN, EDM, SEA, VAN, CAR",49%,"Good [56,23,51,66,23,74]",2,3,0,0,L.A24
MIN,1,2,0,"STL, COL",83%,"Difficult [82,84]",0,1,0,80,MIN1
MIN,2,4,1,"L.A, DAL, WSH, PHI",61%,"Average [50,56,66,61]",4,3,0,76,MIN2
MIN,3,4,2,"NYR, N.J, UTA, S.J",56%,"Average [34,50,77,50]",2,2,0,72,MIN3
MIN,4,3,0,"WPG, PIT, VAN",62%,"Average [85,33,68]",0,0,0,69,MIN4
MIN,5,4,1,"NSH, CBJ, NYI, CAR",51%,"Average [53,32,44,76]",2,2,0,65,MIN5
MIN,6,3,1,"S.J, ANA, VGK",45%,"Good [50,10,80]",2,0,0,62,MIN6
MIN,7,3,2,"CBJ, PIT, WPG",48%,"Good [32,34,78]",0,2,3,59,MIN7
MIN,8,3,0,"CHI, CGY, BUF",40%,"Good [15,67,38]",2,1,0,56,MIN8
MIN,9,3,0,"EDM, CAR, VAN",67%,"Average [68,76,57]",0,3,0,53,MIN9
MIN,10,4,1,"SEA, DAL, OTT, BOS",55%,"Average [46,61,74,39]",2,1,0,49,MIN10
MIN,11,4,0,"WSH, COL, EDM, CGY",73%,"Difficult [69,87,66,69]",2,1,0,45,MIN11
MIN,12,2,0,"NSH, WPG",60%,"Average [54,66]",0,1,0,43,MIN12
MIN,13,4,1,"VGK, S.J, ANA, L.A",46%,"Good [81,50,12,50]",2,4,0,39,MIN13
MIN,14,3,1,"L.A, SEA, NYI",42%,"Good [50,52,31]",0,2,0,36,MIN14
MIN,15,3,0,"N.J, WPG, BUF",48%,"Good [50,59,37]",0,1,0,33,MIN15
MIN,16,4,0,"TOR, MTL, DET, FLA",54%,"Average [37,44,45,89]",2,2,0,29,MIN16
MIN,17,3,0,"CHI, CAR, EDM",50%,"Good [17,75,59]",0,1,0,26,MIN17
MIN,18,5,1,"MTL, NSH, CGY, UTA, STL",63%,"Average [47,55,73,76,66]",2,3,0,21,MIN18
MIN,19,3,0,"T.B, VGK, CGY",78%,"Difficult [50,81,74]",0,2,0,18,MIN19
MIN,20,4,0,"UTA, PHI, NYR, TOR",60%,"Average [76,68,65,32]",2,0,0,14,MIN20
MIN,21,3,0,"CHI, CHI, DAL",34%,"Good [18,18,67]",0,1,0,11,MIN21
MIN,22,3,0,"T.B, FLA, BOS",54%,"Average [50,85,24]",0,3,0,8,MIN22
MIN,23,3,0,"VAN, OTT, DET",50%,"Good [26,82,43]",2,2,0,5,MIN23
MIN,24,5,0,"SEA, DAL, NSH, STL, ANA",53%,"Average [66,69,56,61,15]",2,3,0,0,MIN24
MTL,1,3,1,"TOR, DET, CHI",40%,"Good [57,49,14]",2,3,0,79,MTL1
MTL,2,3,0,"SEA, NSH, NYR",40%,"Good [35,52,32]",0,0,0,76,MTL2
MTL,3,4,2,"BUF, CAR, EDM, VAN",65%,"Average [38,77,75,71]",2,3,0,72,MTL3
MTL,4,2,0,"SEA, OTT",54%,"Average [38,70]",0,1,0,70,MTL4
MTL,5,3,0,"PHI, N.J, UTA",70%,"Average [63,50,77]",0,1,0,67,MTL5
MTL,6,3,0,"L.A, DAL, BOS",51%,"Average [50,58,44]",0,0,0,64,MTL6
MTL,7,3,0,"COL, WSH, TOR",68%,"Average [86,68,49]",0,1,2,61,MTL7
MTL,8,3,0,"UTA, VGK, CGY",75%,"Difficult [77,80,67]",2,3,0,58,MTL8
MTL,9,4,1,"OTT, WPG, TOR, STL",67%,"Average [73,73,47,75]",4,1,0,54,MTL9
MTL,10,4,0,"T.B, PIT, NYR, EDM",50%,"Good [50,35,47,67]",2,2,0,50,MTL10
MTL,11,4,0,"PHI, CHI, PIT, PIT",38%,"Good [65,16,35,35]",2,1,0,46,MTL11
MTL,12,2,1,"BOS, T.B",36%,"Good [36,50]",0,2,0,44,MTL12
MTL,13,4,2,"FLA, CBJ, STL, DAL",64%,"Average [90,32,71,62]",2,4,0,40,MTL13
MTL,14,3,1,"CAR, FLA, DET",70%,"Average [75,90,45]",2,0,0,37,MTL14
MTL,15,4,0,"VAN, WSH, BUF, OTT",57%,"Average [44,70,37,77]",2,3,0,33,MTL15
MTL,16,3,0,"MIN, BUF, BOS",41%,"Good [56,37,31]",0,1,0,30,MTL16
MTL,17,3,0,"VGK, CGY, BUF",63%,"Average [81,72,37]",0,1,0,27,MTL17
MTL,18,4,0,"MIN, WPG, NYI, WSH",50%,"Good [52,52,25,71]",0,2,0,23,MTL18
MTL,19,3,0,"S.J, ANA, L.A",14%,"Excellent [50,14,50]",2,3,0,20,MTL19
MTL,20,4,1,"TOR, OTT, S.J, ANA",42%,"Good [32,80,50,14]",4,1,0,16,MTL20
MTL,21,3,0,"BOS, DET, NYI",29%,"Excellent [25,43,20]",0,1,0,13,MTL21
MTL,22,4,0,"CBJ, COL, NSH, CBJ",53%,"Average [33,91,56,33]",2,2,0,9,MTL22
MTL,23,4,0,"T.B, NYR, N.J, N.J",71%,"Difficult [50,71,50,50]",2,3,0,5,MTL23
MTL,24,5,0,"FLA, T.B, COL, NYI, PHI",66%,"Average [84,50,92,16,70]",2,2,0,0,MTL24
N.J,1,2,0,"CBJ, T.B",32%,"Good [32,50]",0,2,0,80,N.J1
N.J,2,3,0,"COL, FLA, EDM",85%,"Difficult [84,96,76]",0,1,0,77,N.J2
N.J,3,4,2,"TOR, MIN, S.J, CGY",65%,"Average [54,77,50,64]",2,1,0,73,N.J3
N.J,4,4,1,"CGY, S.J, L.A, ANA",37%,"Good [65,50,50,9]",2,4,0,69,N.J4
N.J,5,2,0,"MTL, PIT",29%,"Excellent [25,33]",0,0,0,67,N.J5
N.J,6,3,2,"NYI, CHI, WSH",42%,"Good [43,15,68]",0,2,0,64,N.J6
N.J,7,3,0,"T.B, FLA, PHI",78%,"Difficult [50,94,63]",0,3,3,61,N.J7
N.J,8,4,0,"DET, STL, BUF, PHI",56%,"Average [47,75,38,64]",2,1,0,57,N.J8
N.J,9,4,3,"COL, DAL, VGK, BOS",67%,"Average [87,60,80,40]",2,1,0,53,N.J9
N.J,10,4,0,"OTT, T.B, ANA, VAN",47%,"Good [74,50,11,55]",2,1,0,49,N.J10
N.J,11,3,2,"VGK, UTA, BUF",64%,"Average [80,76,37]",0,2,0,46,N.J11
N.J,12,2,0,"NYI, WSH",52%,"Average [34,69]",0,1,0,44,N.J12
N.J,13,4,2,"TOR, COL, UTA, CBJ",59%,"Average [41,88,76,32]",4,2,0,40,N.J13
N.J,14,3,1,"NYI, PIT, WPG",43%,"Good [31,36,62]",1,3,0,37,N.J14
N.J,15,3,1,"MIN, SEA, CBJ",47%,"Good [57,53,32]",1,1,0,34,N.J15
N.J,16,4,0,"CAR, EDM, VAN, SEA",58%,"Average [75,60,41,55]",2,4,0,30,N.J16
N.J,17,3,0,"WPG, NSH, OTT",62%,"Average [54,55,78]",0,1,0,27,N.J17
N.J,18,5,0,"COL, NYI, BUF, PIT, STL",51%,"Average [90,25,37,38,66]",2,2,0,22,N.J18
N.J,19,4,1,"FLA, TOR, NYR, DET",57%,"Average [87,33,64,44]",4,0,0,18,N.J19
N.J,20,2,0,"CAR, L.A",74%,"Difficult [74,50]",0,0,0,16,N.J20
N.J,21,3,2,"BOS, NYR, WSH",55%,"Average [25,67,72]",0,2,0,13,N.J21
N.J,22,4,0,"DAL, NSH, CBJ, CHI",44%,"Good [68,56,33,18]",2,3,0,9,N.J22
N.J,23,4,0,"NYR, WSH, MTL, MTL",64%,"Average [71,73,56,56]",2,2,0,5,N.J23
N.J,24,5,0,"PHI, PIT, DET, OTT, BOS",51%,"Average [70,40,43,83,21]",2,2,0,0,N.J24
NSH,1,2,0,"COL, UTA",80%,"Difficult [84,77]",0,0,0,80,NSH1
NSH,2,4,0,"OTT, TOR, MTL, WPG",59%,"Average [69,56,20,90]",2,4,0,76,NSH2
NSH,3,4,0,"ANA, VAN, L.A, DAL",45%,"Good [9,71,50,56]",2,0,0,72,NSH3
NSH,4,3,0,"T.B, PHI, CAR",70%,"Average [50,62,77]",0,1,0,69,NSH4
NSH,5,4,1,"VAN, MIN, PHI, DAL",65%,"Average [66,74,63,57]",2,1,0,65,NSH5
NSH,6,3,3,"NYR, PIT, PIT",36%,"Good [39,34,34]",0,2,0,62,NSH6
NSH,7,1,0,CGY,67%,Average [67],0,0,1,61,NSH7
NSH,8,4,0,"FLA, DET, CHI, WPG",58%,"Average [93,47,15,76]",2,2,0,57,NSH8
NSH,9,3,0,"CAR, FLA, CBJ",67%,"Average [76,93,32]",0,2,0,54,NSH9
NSH,10,3,0,"CGY, STL, CGY",70%,"Average [68,74,68]",0,1,0,51,NSH10
NSH,11,4,2,"STL, CBJ, TOR, NYR",50%,"Good [73,32,44,49]",2,1,0,47,NSH11
NSH,12,2,0,"MIN, STL",67%,"Average [62,72]",0,2,0,45,NSH12
NSH,13,4,0,"UTA, VGK, SEA, CAR",71%,"Difficult [76,81,51,75]",2,4,0,41,NSH13
NSH,14,4,1,"EDM, NYI, CHI, WSH",45%,"Good [62,31,17,70]",2,1,0,37,NSH14
NSH,15,3,1,"EDM, CGY, VGK",71%,"Difficult [61,71,81]",2,2,0,34,NSH15
NSH,16,3,0,"BUF, OTT, UTA",64%,"Average [37,78,76]",0,0,0,31,NSH16
NSH,17,3,0,"BOS, N.J, NYI",28%,"Excellent [30,50,26]",0,3,0,28,NSH17
NSH,18,5,0,"STL, MIN, WSH, CHI, DAL",55%,"Average [66,52,71,18,66]",2,2,0,23,NSH18
NSH,19,4,0,"DET, COL, BOS, BUF",50%,"Good [44,90,28,37]",2,2,0,19,NSH19
NSH,20,3,0,"SEA, VAN, EDM",49%,"Good [60,32,55]",0,3,0,16,NSH20
NSH,21,4,0,"WPG, SEA, VGK, CHI",52%,"Average [45,62,82,18]",2,2,0,12,NSH21
NSH,22,4,0,"S.J, N.J, MTL, T.B",54%,"Average [50,50,54,50]",2,1,0,8,NSH22
NSH,23,2,0,"L.A, S.J",50%,"Good [50,50]",0,2,0,6,NSH23
NSH,24,6,1,"L.A, ANA, UTA, MIN, S.J, ANA",37%,"Good [50,15,75,43,50,15]",2,3,0,0,NSH24
NYI,1,2,0,"PIT, WSH",49%,"Good [32,66]",0,1,0,80,NYI1
NYI,2,3,0,"WPG, EDM, OTT",78%,"Difficult [90,76,69]",0,1,0,77,NYI2
NYI,3,3,0,"S.J, DET, PHI",55%,"Average [50,48,62]",0,1,0,74,NYI3
NYI,4,4,2,"BOS, CBJ, WSH, COL",58%,"Average [46,32,67,85]",2,3,0,70,NYI4
NYI,5,3,1,"BOS, MIN, NYR",52%,"Average [45,74,37]",2,1,0,67,NYI5
NYI,6,4,3,"N.J, VGK, UTA, CGY",74%,"Difficult [50,80,77,66]",2,4,0,63,NYI6
NYI,7,4,0,"DAL, DET, STL, SEA",56%,"Average [59,47,76,42]",2,2,4,59,NYI7
NYI,8,3,1,"BOS, PHI, WSH",58%,"Average [41,64,68]",0,0,0,56,NYI8
NYI,9,4,0,"T.B, CGY, T.B, FLA",80%,"Difficult [50,68,50,93]",2,2,0,52,NYI9
NYI,10,3,0,"VGK, ANA, T.B",46%,"Good [80,11,50]",0,0,0,49,NYI10
NYI,11,3,1,"DET, VAN, BUF",45%,"Good [46,53,37]",2,2,0,46,NYI11
NYI,12,3,1,"N.J, NYR, COL",69%,"Average [50,50,88]",2,1,0,43,NYI12
NYI,13,3,1,"CHI, UTA, TOR",44%,"Good [16,76,41]",0,1,0,40,NYI13
NYI,14,3,0,"N.J, NSH, MIN",56%,"Average [50,54,59]",0,2,0,37,NYI14
NYI,15,3,0,"WPG, EDM, CAR",65%,"Average [59,61,75]",0,3,0,34,NYI15
NYI,16,3,0,"VAN, SEA, BUF",44%,"Good [41,55,37]",0,2,0,31,NYI16
NYI,17,4,2,"PHI, NYR, NYR, NSH",60%,"Average [67,60,60,55]",2,2,0,27,NYI17
NYI,18,6,0,"WSH, PIT, N.J, MTL, COL, FLA",67%,"Average [71,38,50,47,90,88]",4,4,0,21,NYI18
NYI,19,3,1,"ANA, L.A, S.J",14%,"Excellent [14,50,50]",2,3,0,18,NYI19
NYI,20,3,1,"STL, L.A, CAR",69%,"Average [64,50,74]",2,1,0,15,NYI20
NYI,21,4,0,"TOR, OTT, MTL, COL",64%,"Average [31,81,52,91]",2,3,0,11,NYI21
NYI,22,3,0,"CHI, DAL, FLA",57%,"Average [18,68,85]",0,0,0,8,NYI22
NYI,23,4,2,"PIT, BUF, PHI, CBJ",44%,"Good [40,36,69,33]",4,2,0,4,NYI23
NYI,24,4,0,"TOR, OTT, MTL, CBJ",50%,"Good [27,83,58,33]",2,0,0,0,NYI24
NYR,1,4,2,"PIT, BUF, PIT, WSH",42%,"Good [32,38,32,66]",2,2,0,78,NYR1
NYR,2,3,0,"EDM, TOR, MTL",51%,"Average [76,56,20]",0,2,0,75,NYR2
NYR,3,3,1,"MIN, S.J, CAR",77%,"Difficult [77,50,77]",0,1,0,72,NYR3
NYR,4,3,0,"VAN, EDM, SEA",60%,"Average [68,74,38]",0,3,0,69,NYR4
NYR,5,3,1,"CBJ, DET, NYI",41%,"Good [32,48,44]",2,1,0,66,NYR5
NYR,6,4,3,"NSH, T.B, COL, DET",62%,"Average [53,50,86,48]",2,2,0,62,NYR6
NYR,7,3,0,"VGK, CGY, UTA",75%,"Difficult [80,67,77]",0,3,3,59,NYR7
NYR,8,4,0,"STL, CBJ, BOS, T.B",49%,"Good [75,32,41,50]",2,2,0,55,NYR8
NYR,9,4,0,"DAL, OTT, CGY, VGK",70%,"Average [60,73,68,80]",2,1,0,51,NYR9
NYR,10,2,1,"CHI, MTL",25%,"Excellent [16,34]",0,1,0,49,NYR10
NYR,11,5,1,"ANA, VAN, STL, PHI, NSH",51%,"Average [11,53,73,65,54]",4,2,0,44,NYR11
NYR,12,2,0,"WSH, NYI",52%,"Average [69,34]",0,2,0,42,NYR12
NYR,13,3,1,"CBJ, WSH, FLA",64%,"Average [32,70,90]",0,3,0,39,NYR13
NYR,14,3,1,"UTA, BUF, BOS",49%,"Good [76,37,34]",0,1,0,36,NYR14
NYR,15,3,1,"SEA, OTT, PHI",65%,"Average [53,77,66]",0,1,0,33,NYR15
NYR,16,3,0,"ANA, L.A, S.J",13%,"Excellent [13,50,50]",2,3,0,30,NYR16
NYR,17,4,2,"BOS, NYI, NYI, PIT",30%,"Excellent [30,26,26,38]",2,2,0,26,NYR17
NYR,18,3,0,"CBJ, PHI, PIT",46%,"Good [33,67,38]",0,0,0,23,NYR18
NYR,19,3,0,"COL, TOR, N.J",62%,"Average [90,33,50]",0,1,0,20,NYR19
NYR,20,4,1,"PHI, CAR, WPG, MIN",60%,"Average [68,74,47,49]",2,3,0,16,NYR20
NYR,21,4,1,"L.A, N.J, COL, WPG",68%,"Average [50,50,91,45]",3,1,0,12,NYR21
NYR,22,4,3,"OTT, TOR, CHI, FLA",54%,"Average [82,29,18,85]",1,1,0,8,NYR22
NYR,23,4,0,"N.J, MTL, DET, WSH",57%,"Average [50,56,43,73]",2,0,0,4,NYR23
NYR,24,4,1,"BUF, DAL, FLA, T.B",63%,"Average [36,69,84,50]",0,3,0,0,NYR24
OTT,1,2,0,"T.B, FLA",97%,"Difficult [50,97]",0,2,0,80,OTT1
OTT,2,4,1,"NSH, BUF, SEA, NYI",44%,"Good [52,38,35,49]",2,1,0,76,OTT2
OTT,3,3,0,"EDM, PHI, WSH",68%,"Average [75,62,67]",0,1,0,73,OTT3
OTT,4,4,1,"BOS, CHI, CAR, MTL",40%,"Good [46,15,77,23]",2,2,0,69,OTT4
OTT,5,3,0,"BOS, PHI, UTA",62%,"Average [45,63,77]",2,2,0,66,OTT5
OTT,6,3,0,"DAL, BOS, L.A",51%,"Average [58,44,50]",0,0,0,63,OTT6
OTT,7,2,0,"ANA, S.J",10%,"Excellent [10,50]",0,2,2,61,OTT7
OTT,8,4,1,"L.A, VGK, STL, DAL",71%,"Difficult [50,80,75,59]",0,4,0,57,OTT8
OTT,9,3,0,"MTL, NYR, STL",51%,"Average [32,45,75]",0,1,0,54,OTT9
OTT,10,3,0,"N.J, COL, MIN",76%,"Difficult [50,87,65]",0,2,0,51,OTT10
OTT,11,4,1,"WPG, PIT, CHI, BOS",40%,"Good [69,35,16,38]",2,2,0,47,OTT11
OTT,12,2,0,"BUF, TOR",40%,"Good [37,43]",0,1,0,45,OTT12
OTT,13,3,0,"COL, WSH, WPG",74%,"Difficult [88,70,64]",0,0,0,42,OTT13
OTT,14,4,2,"DET, UTA, CGY, FLA",70%,"Average [45,76,71,90]",2,2,0,38,OTT14
OTT,15,4,2,"VAN, NYR, MTL, DET",47%,"Good [44,56,42,45]",4,2,0,34,OTT15
OTT,16,4,0,"COL, NSH, CBJ, VGK",64%,"Average [89,55,33,81]",2,2,0,30,OTT16
OTT,17,2,1,"CGY, N.J",72%,"Difficult [72,50]",0,0,0,28,OTT17
OTT,18,5,0,"PIT, CBJ, PHI, DET, TOR",43%,"Good [38,33,67,44,35]",2,4,0,23,OTT18
OTT,19,3,0,"EDM, CAR, SEA",64%,"Average [57,75,59]",0,3,0,20,OTT19
OTT,20,4,2,"VAN, MTL, ANA, S.J",32%,"Good [32,51,14,50]",2,1,0,16,OTT20
OTT,21,3,0,"WSH, NYI, TOR",41%,"Good [72,20,31]",2,1,0,13,OTT21
OTT,22,4,1,"NYR, DET, PIT, T.B",50%,"Good [69,43,39,50]",2,3,0,9,OTT22
OTT,23,4,0,"FLA, BUF, MIN, CBJ",50%,"Good [85,36,44,33]",2,1,0,5,OTT23
OTT,24,5,0,"T.B, FLA, NYI, N.J, TOR",42%,"Good [50,84,16,50,27]",2,2,0,0,OTT24
PHI,1,2,0,"FLA, CBJ",64%,"Average [97,32]",0,2,0,80,PHI1
PHI,2,3,0,"FLA, WPG, MIN",88%,"Difficult [96,90,78]",0,0,0,77,PHI2
PHI,3,3,1,"SEA, OTT, NYI",51%,"Average [37,69,47]",0,1,0,74,PHI3
PHI,4,4,1,"PIT, NSH, TOR, CAR",54%,"Average [33,53,53,77]",2,0,0,70,PHI4
PHI,5,3,0,"MTL, NSH, OTT",50%,"Good [25,53,71]",0,2,0,67,PHI5
PHI,6,3,2,"EDM, STL, DAL",69%,"Average [71,77,58]",2,2,0,64,PHI6
PHI,7,2,0,"STL, N.J",76%,"Difficult [76,50]",0,0,2,62,PHI7
PHI,8,4,0,"T.B, FLA, NYI, N.J",66%,"Average [50,93,40,50]",2,4,0,58,PHI8
PHI,9,3,2,"PIT, BUF, CGY",47%,"Good [35,37,68]",0,0,0,55,PHI9
PHI,10,4,0,"S.J, VGK, CBJ, CBJ",48%,"Good [50,80,32,32]",2,1,0,51,PHI10
PHI,11,3,0,"MTL, BUF, NYR",40%,"Good [35,37,49]",0,3,0,48,PHI11
PHI,12,3,2,"VAN, CHI, SEA",38%,"Good [50,16,49]",2,2,0,45,PHI12
PHI,13,3,1,"VAN, CAR, EDM",62%,"Average [48,75,63]",2,3,0,42,PHI13
PHI,14,3,0,"ANA, TOR, T.B",26%,"Excellent [12,40,50]",0,0,0,39,PHI14
PHI,15,4,1,"T.B, BUF, PIT, NYR",43%,"Good [50,37,37,56]",2,2,0,35,PHI15
PHI,16,3,0,"VGK, UTA, CGY",76%,"Difficult [81,76,72]",0,3,0,32,PHI16
PHI,17,4,2,"NYI, COL, BOS, L.A",49%,"Good [26,90,30,50]",2,2,0,28,PHI17
PHI,18,5,0,"WSH, OTT, WSH, NYR, BOS",62%,"Average [71,79,71,62,29]",2,2,0,23,PHI18
PHI,19,3,0,"TOR, UTA, PIT",49%,"Good [33,76,38]",0,2,0,20,PHI19
PHI,20,4,2,"NYR, WSH, MIN, COL",69%,"Average [65,72,49,91]",2,1,0,16,PHI20
PHI,21,3,0,"ANA, L.A, S.J",14%,"Excellent [14,50,50]",2,3,0,13,PHI21
PHI,22,4,0,"COL, CHI, DET, DAL",55%,"Average [91,18,43,68]",2,1,0,9,PHI22
PHI,23,4,1,"WSH, DET, NYI, BOS",39%,"Good [73,43,17,23]",2,2,0,5,PHI23
PHI,24,5,0,"N.J, DET, WPG, CBJ, MTL",43%,"Good [50,43,38,33,58]",2,3,0,0,PHI24
PIT,1,3,1,"NYR, NYI, NYR",37%,"Good [30,50,30]",0,1,0,79,PIT1
PIT,2,3,0,"ANA, L.A, S.J",8%,"Excellent [8,50,50]",0,3,0,76,PIT2
PIT,3,3,0,"VAN, FLA, COL",84%,"Difficult [71,96,85]",0,1,0,73,PIT3
PIT,4,4,1,"STL, PHI, MIN, WPG",75%,"Difficult [79,62,75,85]",2,3,0,69,PIT4
PIT,5,4,1,"TOR, WSH, N.J, L.A",60%,"Average [52,67,50,50]",2,2,0,65,PIT5
PIT,6,2,2,"NSH, NSH",53%,"Average [53,53]",0,1,0,63,PIT6
PIT,7,2,1,"MIN, SEA",56%,"Average [70,42]",2,0,2,61,PIT7
PIT,8,3,0,"BUF, COL, TOR",57%,"Average [38,86,48]",2,1,0,58,PIT8
PIT,9,3,1,"PHI, T.B, DAL",62%,"Average [64,50,60]",0,3,0,55,PIT9
PIT,10,4,0,"ANA, MTL, S.J, UTA",40%,"Good [11,34,50,76]",2,0,0,51,PIT10
PIT,11,4,0,"EDM, OTT, MTL, MTL",53%,"Average [66,75,35,35]",2,2,0,47,PIT11
PIT,12,2,1,"TOR, CHI",30%,"Excellent [43,16]",0,2,0,45,PIT12
PIT,13,4,2,"CBJ, DET, DET, COL",53%,"Average [32,46,46,88]",2,2,0,41,PIT13
PIT,14,3,1,"N.J, CAR, BOS",54%,"Average [50,75,34]",2,1,0,38,PIT14
PIT,15,3,0,"T.B, PHI, COL",78%,"Difficult [50,66,89]",0,0,0,35,PIT15
PIT,16,4,0,"SEA, CAR, EDM, VAN",58%,"Average [55,75,60,41]",2,4,0,31,PIT16
PIT,17,2,0,"CHI, NYR",38%,"Good [17,60]",0,0,0,29,PIT17
PIT,18,6,0,"OTT, NYI, BUF, N.J, NYR, VGK",57%,"Average [79,25,37,50,62,81]",4,3,0,23,PIT18
PIT,19,4,0,"BOS, BUF, PHI, BOS",40%,"Good [28,37,68,28]",2,1,0,19,PIT19
PIT,20,3,0,"CBJ, VGK, UTA",64%,"Average [33,82,76]",0,3,0,16,PIT20
PIT,21,4,1,"CGY, CBJ, WPG, CBJ",46%,"Good [75,33,45,33]",2,2,0,12,PIT21
PIT,22,3,0,"CGY, OTT, DAL",75%,"Difficult [75,82,68]",0,1,0,9,PIT22
PIT,23,5,1,"NYI, DET, T.B, FLA, FLA",58%,"Average [17,43,50,85,85]",4,2,0,4,PIT23
PIT,24,4,0,"N.J, WSH, WSH, STL",69%,"Average [50,73,73,61]",2,3,0,0,PIT24
S.J,1,2,0,"VGK, ANA",44%,"Good [79,8]",0,0,0,80,S.J1
S.J,2,3,1,"CBJ, UTA, PIT",47%,"Good [32,77,32]",2,1,0,77,S.J2
S.J,3,4,1,"NYI, NYR, N.J, MIN",53%,"Average [47,34,50,77]",2,4,0,73,S.J3
S.J,4,4,1,"L.A, N.J, CGY, DET",56%,"Average [50,50,65,48]",2,0,0,69,S.J4
S.J,5,3,2,"SEA, WPG, FLA",73%,"Difficult [40,83,95]",2,1,0,66,S.J5
S.J,6,3,0,"MIN, CAR, SEA",63%,"Average [72,76,41]",0,3,0,63,S.J6
S.J,7,4,0,"UTA, L.A, OTT, BOS",64%,"Average [77,50,72,43]",2,0,4,59,S.J7
S.J,8,3,0,"CGY, VAN, VGK",69%,"Average [67,59,80]",2,2,0,56,S.J8
S.J,9,4,3,"UTA, WSH, DAL, CBJ",59%,"Average [76,68,60,32]",0,2,0,52,S.J9
S.J,10,3,0,"PHI, TOR, PIT",48%,"Good [64,45,35]",0,3,0,49,S.J10
S.J,11,3,0,"CAR, DAL, SEA",62%,"Average [76,61,48]",0,0,0,46,S.J11
S.J,12,2,0,"VGK, VAN",66%,"Average [81,50]",0,2,0,44,S.J12
S.J,13,3,0,"ANA, MIN, T.B",36%,"Good [12,61,50]",0,1,0,41,S.J13
S.J,14,4,2,"COL, L.A, DAL, VGK",77%,"Difficult [88,50,63,81]",4,1,0,37,S.J14
S.J,15,2,1,"WSH, DET",58%,"Average [70,45]",2,2,0,35,S.J15
S.J,16,3,0,"FLA, T.B, NYR",74%,"Difficult [89,50,58]",2,2,0,32,S.J16
S.J,17,3,0,"VAN, EDM, CAR",58%,"Average [39,59,75]",0,3,0,29,S.J17
S.J,18,5,0,"CHI, CGY, CAR, EDM, WPG",55%,"Average [18,73,75,58,52]",2,2,0,24,S.J18
S.J,19,3,0,"MTL, STL, NYI",46%,"Good [49,65,23]",2,0,0,21,S.J19
S.J,20,4,0,"BUF, BOS, MTL, OTT",48%,"Good [37,26,51,80]",2,4,0,17,S.J20
S.J,21,3,0,"EDM, BUF, PHI",53%,"Average [54,37,69]",0,1,0,14,S.J21
S.J,22,3,0,"NSH, STL, COL",70%,"Average [56,62,91]",0,3,0,11,S.J22
S.J,23,4,2,"STL, ANA, TOR, NSH",40%,"Good [62,15,28,56]",2,0,0,7,S.J23
S.J,24,7,2,"CHI, EDM, ANA, VAN, NSH, CHI, WPG",32%,"Good [19,51,15,23,56,19,38]",4,4,0,0,S.J24
SEA,1,2,0,"ANA, VGK",44%,"Good [8,79]",0,0,0,80,SEA1
SEA,2,3,0,"MTL, OTT, TOR",48%,"Good [20,69,56]",0,3,0,77,SEA2
SEA,3,4,1,"PHI, WSH, WPG, EDM",73%,"Difficult [62,67,87,75]",2,3,0,73,SEA3
SEA,4,2,0,"MTL, NYR",30%,"Excellent [23,36]",0,0,0,71,SEA4
SEA,5,4,2,"CHI, S.J, STL, DAL",50%,"Good [15,50,78,57]",2,2,0,67,SEA5
SEA,6,3,0,"COL, WPG, S.J",83%,"Difficult [86,80,50]",0,0,0,64,SEA6
SEA,7,4,0,"DET, CHI, PIT, NYI",34%,"Good [47,15,34,41]",2,4,4,60,SEA7
SEA,8,2,0,"DAL, EDM",64%,"Average [59,69]",0,0,0,58,SEA8
SEA,9,2,0,"EDM, DET",58%,"Average [68,47]",0,1,0,56,SEA9
SEA,10,4,3,"MIN, L.A, UTA, BUF",59%,"Average [65,50,76,37]",0,1,0,52,SEA10
SEA,11,3,0,"CGY, CAR, S.J",72%,"Difficult [69,76,50]",0,2,0,49,SEA11
SEA,12,3,2,"ANA, L.A, PHI",38%,"Good [11,50,65]",3,2,0,46,SEA12
SEA,13,3,1,"VAN, NSH, VAN",50%,"Good [48,54,48]",3,1,0,43,SEA13
SEA,14,4,1,"CAR, BOS, MIN, CBJ",50%,"Good [75,34,59,32]",2,2,0,39,SEA14
SEA,15,4,1,"NYR, N.J, BOS, UTA",55%,"Average [56,50,33,76]",2,4,0,35,SEA15
SEA,16,4,0,"PIT, NYI, ANA, N.J",26%,"Excellent [37,28,13,50]",0,0,0,31,SEA16
SEA,17,3,0,"WSH, TOR, VGK",63%,"Average [71,36,81]",0,1,0,28,SEA17
SEA,18,5,0,"ANA, L.A, DAL, STL, VAN",46%,"Good [13,50,66,66,37]",4,4,0,23,SEA18
SEA,19,3,1,"CBJ, STL, OTT",59%,"Average [33,65,80]",0,0,0,20,SEA19
SEA,20,4,0,"NSH, CGY, VAN, FLA",62%,"Average [55,74,32,87]",2,1,0,16,SEA20
SEA,21,3,0,"T.B, NSH, COL",73%,"Difficult [50,55,91]",0,2,0,13,SEA21
SEA,22,3,0,"FLA, T.B, BUF",61%,"Average [85,50,37]",0,3,0,10,SEA22
SEA,23,3,0,"EDM, UTA, CHI",49%,"Good [52,75,19]",0,1,0,7,SEA23
SEA,24,7,1,"WPG, MIN, VGK, CAR, L.A, VGK, CGY",66%,"Average [38,43,82,74,50,82,76]",4,4,0,0,SEA24
STL,1,2,0,"MIN, CAR",78%,"Difficult [80,77]",0,1,0,80,STL1
STL,2,3,1,"VAN, CHI, DAL",48%,"Good [73,14,56]",0,1,0,77,STL2
STL,3,3,0,"L.A, UTA, DET",62%,"Average [50,77,48]",0,1,0,74,STL3
STL,4,4,1,"PIT, DET, VAN, COL",58%,"Average [33,48,68,85]",2,2,0,70,STL4
STL,5,4,2,"EDM, WSH, BUF, SEA",54%,"Average [72,67,38,40]",2,2,0,66,STL5
STL,6,3,1,"CAR, PHI, VGK",73%,"Difficult [76,63,80]",2,0,0,63,STL6
STL,7,3,0,"TOR, PHI, NYI",51%,"Average [49,63,41]",0,3,3,60,STL7
STL,8,4,0,"NYR, N.J, OTT, UTA",64%,"Average [43,50,73,77]",2,2,0,56,STL8
STL,9,4,1,"ANA, BOS, OTT, MTL",39%,"Good [10,40,73,32]",2,3,0,52,STL9
STL,10,3,1,"BOS, NSH, CHI",36%,"Good [39,54,16]",2,1,0,49,STL10
STL,11,4,2,"NSH, WPG, NYR, FLA",66%,"Average [54,69,49,91]",2,1,0,45,STL11
STL,12,2,1,"T.B, NSH",54%,"Average [50,54]",0,1,0,43,STL12
STL,13,4,1,"BUF, CGY, VGK, MTL",57%,"Average [37,70,81,39]",2,1,0,39,STL13
STL,14,3,2,"CHI, UTA, VGK",58%,"Average [17,76,81]",2,3,0,36,STL14
STL,15,3,2,"CBJ, T.B, EDM",46%,"Good [32,50,61]",0,1,0,33,STL15
STL,16,3,0,"WPG, DAL, L.A",60%,"Average [57,64,50]",2,2,0,30,STL16
STL,17,3,0,"DAL, FLA, COL",81%,"Difficult [65,88,90]",0,0,0,27,STL17
STL,18,5,0,"NSH, DAL, SEA, N.J, MIN",58%,"Average [55,66,57,50,52]",2,3,0,22,STL18
STL,19,3,1,"SEA, S.J, ANA",36%,"Good [59,50,14]",0,3,0,19,STL19
STL,20,4,1,"NYI, CBJ, EDM, WPG",39%,"Good [22,33,55,47]",2,2,0,15,STL20
STL,21,2,0,"CAR, VAN",52%,"Average [74,30]",0,2,0,13,STL21
STL,22,3,0,"WSH, S.J, TOR",51%,"Average [73,50,29]",0,0,0,10,STL22
STL,23,4,3,"S.J, L.A, ANA, CGY",46%,"Good [50,50,15,76]",0,4,0,6,STL23
STL,24,6,0,"CGY, WPG, CHI, MIN, PIT, UTA",48%,"Good [76,38,19,43,40,75]",2,2,0,0,STL24
T.B,1,2,0,"OTT, N.J",68%,"Average [68,50]",0,0,0,80,T.B1
T.B,2,4,1,"BOS, WSH, DET, COL",62%,"Average [49,66,49,84]",4,4,0,76,T.B2
T.B,3,3,0,"CHI, ANA, VGK",34%,"Good [14,9,79]",2,0,0,73,T.B3
T.B,4,3,1,"NSH, DAL, UTA",62%,"Average [53,57,77]",0,2,0,70,T.B4
T.B,5,3,0,"CGY, VGK, WSH",71%,"Difficult [65,80,67]",0,2,0,67,T.B5
T.B,6,3,2,"NYR, FLA, VAN",66%,"Average [39,94,64]",2,1,0,64,T.B6
T.B,7,3,0,"N.J, EDM, WSH",69%,"Average [50,70,68]",0,1,3,61,T.B7
T.B,8,4,0,"PHI, CAR, DET, NYR",58%,"Average [64,76,47,43]",2,2,0,57,T.B8
T.B,9,3,0,"NYI, PIT, NYI",37%,"Good [38,35,38]",0,1,0,54,T.B9
T.B,10,4,1,"TOR, MTL, N.J, NYI",39%,"Good [45,34,50,37]",2,4,0,50,T.B10
T.B,11,3,1,"FLA, L.A, CBJ",62%,"Average [91,50,32]",0,0,0,47,T.B11
T.B,12,3,2,"STL, FLA, MTL",67%,"Average [72,91,37]",2,1,0,44,T.B12
T.B,13,3,0,"ANA, L.A, S.J",12%,"Excellent [12,50,50]",2,3,0,41,T.B13
T.B,14,2,0,"CGY, PHI",68%,"Average [71,66]",0,1,0,39,T.B14
T.B,15,4,2,"PHI, PIT, STL, DAL",59%,"Average [66,37,69,64]",2,4,0,35,T.B15
T.B,16,3,0,"S.J, CHI, COL",53%,"Average [50,17,89]",2,2,0,32,T.B16
T.B,17,3,2,"UTA, WPG, BOS",53%,"Average [76,54,30]",0,0,0,29,T.B17
T.B,18,5,0,"BUF, FLA, TOR, CBJ, BUF",46%,"Good [37,88,35,33,37]",2,1,0,24,T.B18
T.B,19,4,0,"MIN, WPG, TOR, BUF",43%,"Good [51,50,33,37]",2,4,0,20,T.B19
T.B,20,3,0,"COL, DET, CBJ",56%,"Average [91,44,33]",0,0,0,17,T.B20
T.B,21,4,0,"SEA, VAN, EDM, CAR",55%,"Average [62,30,54,74]",2,4,0,13,T.B21
T.B,22,4,0,"MIN, SEA, OTT, NSH",62%,"Average [46,63,82,56]",2,0,0,9,T.B22
T.B,23,3,0,"MTL, PIT, BOS",40%,"Good [56,40,23]",0,0,0,6,T.B23
T.B,24,6,1,"BUF, OTT, MTL, BOS, DET, NYR",52%,"Average [36,83,58,21,43,73]",2,4,0,0,T.B24
TOR,1,2,1,"MTL, DET",34%,"Good [18,49]",0,1,0,80,TOR1
TOR,2,4,0,"DET, NSH, NYR, SEA",42%,"Good [49,52,32,35]",2,0,0,76,TOR2
TOR,3,3,1,"N.J, BUF, BUF",38%,"Good [50,38,38]",2,1,0,73,TOR3
TOR,4,3,1,"CAR, COL, PHI",75%,"Difficult [77,85,62]",2,2,0,70,TOR4
TOR,5,4,2,"PIT, UTA, BOS, CBJ",47%,"Good [33,77,45,32]",2,0,0,66,TOR5
TOR,6,3,0,"BOS, L.A, CHI",30%,"Excellent [44,50,15]",0,2,0,63,TOR6
TOR,7,3,0,"STL, COL, MTL",63%,"Average [76,86,28]",0,1,3,60,TOR7
TOR,8,3,0,"COL, WSH, PIT",63%,"Average [86,68,34]",2,3,0,57,TOR8
TOR,9,3,0,"FLA, CBJ, MTL",52%,"Average [93,32,32]",0,2,0,54,TOR9
TOR,10,3,1,"T.B, S.J, EDM",67%,"Average [50,50,67]",0,0,0,51,TOR10
TOR,11,4,0,"CHI, WSH, NSH, DAL",50%,"Good [16,69,54,61]",2,3,0,47,TOR11
TOR,12,3,1,"PIT, OTT, DET",52%,"Average [36,75,46]",2,1,0,44,TOR12
TOR,13,3,1,"N.J, WPG, NYI",48%,"Good [50,64,32]",0,1,0,41,TOR13
TOR,14,3,0,"FLA, PHI, VAN",67%,"Average [90,66,46]",0,1,0,38,TOR14
TOR,15,4,0,"CGY, UTA, VGK, WPG",72%,"Difficult [71,76,81,59]",2,4,0,34,TOR15
TOR,16,4,0,"MIN, DET, VGK, CGY",64%,"Average [56,45,81,72]",0,0,0,30,TOR16
TOR,17,3,0,"BUF, SEA, VAN",44%,"Good [37,56,39]",0,2,0,27,TOR17
TOR,18,5,0,"CAR, EDM, T.B, FLA, OTT",75%,"Difficult [75,58,50,88,79]",4,4,0,22,TOR18
TOR,19,4,1,"PHI, N.J, NYR, T.B",66%,"Average [68,50,64,50]",2,2,0,18,TOR19
TOR,20,4,0,"MTL, ANA, BUF, MIN",38%,"Good [51,14,37,49]",2,3,0,14,TOR20
TOR,21,3,1,"NYI, CBJ, OTT",45%,"Good [20,33,81]",2,1,0,11,TOR21
TOR,22,3,1,"BOS, NYR, STL",52%,"Average [24,69,62]",2,2,0,8,TOR22
TOR,23,3,1,"ANA, S.J, L.A",15%,"Excellent [15,50,50]",0,3,0,5,TOR23
TOR,24,5,1,"WSH, NYI, FLA, DAL, OTT",65%,"Average [73,16,84,69,83]",2,2,0,0,TOR24
UTA,1,2,0,"CGY, NSH",58%,"Average [63,52]",0,2,0,80,UTA1
UTA,2,4,3,"CHI, CAR, S.J, BOS",47%,"Good [14,77,50,49]",0,1,0,76,UTA2
UTA,3,4,0,"CGY, STL, MIN, WPG",77%,"Difficult [64,80,77,87]",2,3,0,72,UTA3
UTA,4,2,1,"EDM, T.B",74%,"Difficult [74,50]",0,1,0,70,UTA4
UTA,5,4,1,"BUF, TOR, MTL, OTT",46%,"Good [38,52,25,71]",4,4,0,66,UTA5
UTA,6,2,2,"BUF, NYI",40%,"Good [38,43]",0,0,0,64,UTA6
UTA,7,4,0,"ANA, S.J, VGK, NYR",44%,"Good [10,50,80,41]",2,2,3,60,UTA7
UTA,8,4,0,"VGK, MTL, DAL, STL",61%,"Average [80,30,59,75]",2,2,0,56,UTA8
UTA,9,4,3,"S.J, ANA, VAN, CAR",48%,"Good [50,10,57,76]",2,4,0,52,UTA9
UTA,10,4,3,"L.A, FLA, SEA, PIT",58%,"Average [50,92,46,35]",0,1,0,48,UTA10
UTA,11,4,2,"BOS, DET, N.J, WPG",51%,"Average [38,46,50,69]",2,2,0,44,UTA11
UTA,12,1,0,CGY,69%,Average [69],0,1,0,43,UTA12
UTA,13,3,0,"NSH, NYI, N.J",43%,"Good [54,32,50]",0,2,0,40,UTA13
UTA,14,4,4,"NYR, OTT, STL, COL",72%,"Difficult [54,77,70,88]",0,1,0,36,UTA14
UTA,15,3,0,"TOR, DAL, SEA",52%,"Average [39,64,53]",0,0,0,33,UTA15
UTA,16,2,0,"PHI, NSH",61%,"Average [67,55]",0,1,0,31,UTA16
UTA,17,4,1,"T.B, FLA, CBJ, DAL",62%,"Average [50,88,33,65]",2,3,0,27,UTA17
UTA,18,5,1,"VAN, DET, CGY, MIN, CHI",45%,"Good [37,44,73,52,18]",0,0,0,22,UTA18
UTA,19,3,0,"WSH, PHI, COL",77%,"Difficult [72,68,90]",0,3,0,19,UTA19
UTA,20,4,1,"CHI, MIN, CHI, PIT",31%,"Good [18,49,18,39]",2,2,0,15,UTA20
UTA,21,4,2,"DAL, VGK, ANA, L.A",54%,"Average [67,82,14,50]",2,2,0,11,UTA21
UTA,22,3,0,"EDM, WSH, L.A",63%,"Average [53,73,50]",0,1,0,8,UTA22
UTA,23,2,0,"SEA, VAN",45%,"Good [64,26]",0,2,0,6,UTA23
UTA,24,6,0,"EDM, NSH, CBJ, CAR, WPG, STL",52%,"Average [51,56,33,74,38,61]",2,1,0,0,UTA24
VAN,1,2,0,"CAR, EDM",77%,"Difficult [77,77]",0,1,0,80,VAN1
VAN,2,4,2,"STL, DAL, CHI, WSH",54%,"Average [81,56,14,66]",2,3,0,76,VAN2
VAN,3,4,0,"PIT, NSH, MTL, EDM",45%,"Good [33,52,21,75]",2,2,0,72,VAN3
VAN,4,3,0,"NYR, STL, MIN",63%,"Average [36,79,75]",0,2,0,69,VAN4
VAN,5,4,2,"NSH, CHI, COL, CGY",54%,"Average [53,15,85,65]",2,1,0,65,VAN5
VAN,6,3,2,"WPG, CBJ, T.B",56%,"Average [80,32,50]",1,2,0,62,VAN6
VAN,7,3,0,"FLA, DAL, CAR",76%,"Difficult [94,59,76]",1,1,2,59,VAN7
VAN,8,3,0,"ANA, S.J, L.A",10%,"Excellent [10,50,50]",2,3,0,56,VAN8
VAN,9,3,1,"CGY, UTA, MIN",70%,"Average [68,76,67]",2,1,0,53,VAN9
VAN,10,3,1,"DET, BUF, N.J",42%,"Good [47,37,50]",0,1,0,50,VAN10
VAN,11,3,1,"NYR, NYI, BOS",41%,"Good [49,35,38]",2,3,0,47,VAN11
VAN,12,2,1,"PHI, S.J",65%,"Average [65,50]",0,1,0,45,VAN12
VAN,13,4,2,"SEA, PHI, SEA, BOS",51%,"Average [51,66,51,35]",4,1,0,41,VAN13
VAN,14,3,0,"BUF, DET, TOR",41%,"Good [37,45,40]",0,3,0,38,VAN14
VAN,15,4,0,"MTL, OTT, COL, EDM",67%,"Average [42,77,89,61]",2,3,0,34,VAN15
VAN,16,4,0,"NYI, WSH, N.J, PIT",45%,"Good [28,71,50,37]",0,0,0,30,VAN16
VAN,17,3,0,"S.J, ANA, TOR",24%,"Excellent [50,13,36]",0,0,0,27,VAN17
VAN,18,4,0,"UTA, VGK, WPG, SEA",66%,"Average [76,81,52,57]",0,3,0,23,VAN18
VAN,19,4,1,"DAL, CBJ, CHI, WPG",42%,"Good [66,33,18,50]",2,2,0,19,VAN19
VAN,20,3,1,"OTT, NSH, SEA",65%,"Average [80,55,60]",0,0,0,16,VAN20
VAN,21,3,0,"FLA, T.B, STL",74%,"Difficult [86,50,63]",0,0,0,13,VAN21
VAN,22,3,0,"ANA, L.A, CAR",44%,"Good [15,50,74]",0,1,0,10,VAN22
VAN,23,4,2,"VGK, CGY, MIN, UTA",69%,"Average [82,76,44,75]",2,3,0,6,VAN23
VAN,24,6,0,"VGK, L.A, S.J, ANA, L.A, EDM",49%,"Good [82,50,50,15,50,51]",2,4,0,0,VAN24
VGK,1,3,1,"L.A, S.J, SEA",34%,"Good [50,50,34]",2,2,0,79,VGK1
VGK,2,3,0,"CAR, BOS, CAR",68%,"Average [77,49,77]",0,1,0,76,VGK2
VGK,3,3,1,"CBJ, FLA, T.B",64%,"Average [32,96,50]",2,2,0,73,VGK3
VGK,4,2,1,"CBJ, CGY",48%,"Good [32,65]",0,1,0,71,VGK4
VGK,5,3,0,"DET, T.B, ANA",28%,"Excellent [48,50,9]",0,0,0,68,VGK5
VGK,6,4,2,"FLA, NYI, STL, MIN",72%,"Difficult [94,43,77,72]",2,2,0,64,VGK6
VGK,7,3,0,"NYR, UTA, ANA",43%,"Good [41,77,10]",0,2,3,61,VGK7
VGK,8,4,0,"UTA, OTT, MTL, S.J",60%,"Average [77,73,30,50]",2,1,0,57,VGK8
VGK,9,3,1,"CHI, N.J, NYR",30%,"Excellent [16,50,45]",0,2,0,54,VGK9
VGK,10,3,0,"NYI, PHI, COL",63%,"Average [37,64,87]",0,3,0,51,VGK10
VGK,11,3,1,"N.J, CAR, EDM",71%,"Difficult [50,76,66]",2,2,0,48,VGK11
VGK,12,2,0,"S.J, CGY",69%,"Average [50,69]",0,0,0,46,VGK12
VGK,13,4,2,"MIN, NSH, STL, CHI",50%,"Good [61,54,71,16]",0,2,0,42,VGK13
VGK,14,4,1,"WPG, COL, STL, S.J",73%,"Difficult [62,88,70,50]",2,2,0,38,VGK14
VGK,15,3,1,"L.A, TOR, NSH",46%,"Good [50,39,54]",2,1,0,35,VGK15
VGK,16,4,0,"PHI, BOS, TOR, OTT",53%,"Average [67,31,37,78]",2,3,0,31,VGK16
VGK,17,4,1,"MTL, DAL, SEA, ANA",45%,"Good [46,65,56,13]",2,2,0,27,VGK17
VGK,18,5,1,"VAN, L.A, L.A, WSH, PIT",49%,"Good [37,50,50,71,38]",2,3,0,22,VGK18
VGK,19,4,1,"BUF, DET, MIN, EDM",47%,"Good [37,44,51,57]",2,2,0,18,VGK19
VGK,20,3,0,"DAL, PIT, CHI",41%,"Good [67,39,18]",0,1,0,15,VGK20
VGK,21,4,0,"BUF, UTA, NSH, DAL",59%,"Average [37,76,55,67]",2,2,0,11,VGK21
VGK,22,3,0,"WPG, EDM, WSH",56%,"Average [43,53,73]",0,1,0,8,VGK22
VGK,23,3,1,"VAN, CAR, EDM",51%,"Average [26,74,52]",0,1,0,5,VGK23
VGK,24,5,0,"VAN, SEA, CGY, WPG, SEA",54%,"Average [23,66,76,38,66]",0,3,0,0,VGK24
WPG,1,2,0,"DAL, L.A",55%,"Average [55,50]",0,0,0,80,WPG1
WPG,2,3,0,"NYI, PHI, NSH",54%,"Average [49,61,52]",0,2,0,77,WPG2
WPG,3,4,2,"CAR, SEA, CAR, UTA",67%,"Average [77,37,77,77]",2,1,0,73,WPG3
WPG,4,3,0,"MIN, CHI, PIT",41%,"Good [75,15,33]",0,1,0,70,WPG4
WPG,5,3,1,"L.A, S.J, ANA",9%,"Excellent [50,50,9]",0,3,0,67,WPG5
WPG,6,3,0,"VAN, SEA, CAR",60%,"Average [64,41,76]",0,3,0,64,WPG6
WPG,7,3,1,"COL, CBJ, MIN",63%,"Average [86,32,70]",0,0,3,61,WPG7
WPG,8,3,0,"WSH, CBJ, NSH",51%,"Average [68,32,53]",2,3,0,58,WPG8
WPG,9,4,3,"BUF, MTL, BUF, EDM",44%,"Good [37,32,37,68]",2,3,0,54,WPG9
WPG,10,3,0,"DAL, BOS, WSH",56%,"Average [61,39,69]",0,0,0,51,WPG10
WPG,11,4,3,"OTT, STL, CGY, UTA",73%,"Difficult [75,73,69,76]",0,3,0,47,WPG11
WPG,12,1,0,MIN,62%,Average [62],0,0,0,46,WPG12
WPG,13,4,0,"EDM, DET, TOR, OTT",56%,"Average [63,46,41,76]",2,3,0,42,WPG13
WPG,14,4,2,"VGK, EDM, L.A, N.J",72%,"Difficult [81,62,50,50]",2,0,0,38,WPG14
WPG,15,3,0,"NYI, MIN, TOR",42%,"Good [29,57,39]",0,1,0,35,WPG15
WPG,16,4,0,"CHI, STL, FLA, DET",55%,"Average [17,68,89,45]",2,1,0,31,WPG16
WPG,17,3,0,"N.J, T.B, FLA",88%,"Difficult [50,50,88]",0,3,0,28,WPG17
WPG,18,5,1,"DAL, MTL, VAN, ANA, S.J",41%,"Good [66,47,37,13,50]",0,4,0,23,WPG18
WPG,19,3,0,"CHI, T.B, VAN",26%,"Excellent [18,50,35]",0,0,0,20,WPG19
WPG,20,4,0,"ANA, NYR, CGY, STL",54%,"Average [14,65,74,64]",2,0,0,16,WPG20
WPG,21,4,0,"NSH, BOS, PIT, NYR",46%,"Good [55,25,39,67]",2,3,0,12,WPG21
WPG,22,3,0,"VGK, CGY, CGY",77%,"Difficult [82,75,75]",0,1,0,9,WPG22
WPG,23,3,0,"CHI, DAL, COL",60%,"Average [19,69,92]",0,3,0,6,WPG23
WPG,24,6,1,"SEA, STL, PHI, VGK, UTA, S.J",71%,"Difficult [66,61,70,82,75,50]",2,3,0,0,WPG24
WSH,1,3,2,"BOS, NYI, NYR",43%,"Good [50,50,30]",2,2,0,79,WSH1
WSH,2,3,2,"T.B, MIN, VAN",76%,"Difficult [50,78,73]",0,0,0,76,WSH2
WSH,3,3,1,"SEA, COL, OTT",64%,"Average [37,85,69]",2,1,0,73,WSH3
WSH,4,3,1,"DAL, NYI, BUF",47%,"Good [57,46,38]",2,2,0,70,WSH4
WSH,5,3,1,"STL, PIT, T.B",56%,"Average [78,33,50]",2,2,0,67,WSH5
WSH,6,3,0,"CBJ, FLA, N.J",63%,"Average [32,94,50]",0,2,0,64,WSH6
WSH,7,4,1,"L.A, EDM, MTL, T.B",49%,"Good [50,70,28,50]",2,1,3,60,WSH7
WSH,8,4,1,"COL, WPG, TOR, NYI",62%,"Average [86,76,48,40]",0,1,0,56,WSH8
WSH,9,4,2,"L.A, S.J, ANA, COL",48%,"Good [50,50,10,87]",2,3,0,52,WSH9
WSH,10,2,0,"CBJ, WPG",52%,"Average [32,71]",0,1,0,50,WSH10
WSH,11,4,0,"MIN, TOR, DET, DET",50%,"Good [64,44,46,46]",2,2,0,46,WSH11
WSH,12,2,0,"NYR, N.J",50%,"Good [50,50]",0,1,0,44,WSH12
WSH,13,4,0,"FLA, NYR, OTT, CHI",58%,"Average [90,52,76,16]",2,2,0,40,WSH13
WSH,14,4,4,"ANA, DAL, CHI, NSH",36%,"Good [12,63,17,54]",0,2,0,36,WSH14
WSH,15,3,0,"MTL, S.J, FLA",66%,"Average [42,50,89]",0,0,0,33,WSH15
WSH,16,4,0,"CGY, VAN, CAR, EDM",62%,"Average [72,41,75,60]",2,4,0,29,WSH16
WSH,17,3,0,"SEA, DET, CBJ",45%,"Good [56,45,33]",0,2,0,26,WSH17
WSH,18,6,1,"NYI, PHI, NSH, PHI, VGK, MTL",57%,"Average [25,67,55,67,81,47]",4,2,0,20,WSH18
WSH,19,2,0,"UTA, BOS",52%,"Average [76,28]",0,1,0,18,WSH19
WSH,20,4,2,"CAR, PHI, BUF, BOS",51%,"Average [74,68,37,26]",2,2,0,14,WSH20
WSH,21,3,1,"OTT, N.J, CGY",78%,"Difficult [81,50,75]",0,0,0,11,WSH21
WSH,22,3,0,"STL, UTA, VGK",73%,"Difficult [62,76,82]",0,3,0,8,WSH22
WSH,23,4,0,"PHI, N.J, BUF, NYR",59%,"Average [69,50,36,71]",2,2,0,4,WSH23
WSH,24,4,1,"TOR, PIT, PIT, COL",50%,"Good [27,40,40,92]",2,3,0,0,WSH24
