TM,Week,Games,LiteNite,Opponents,OppOff,OffMatchUp,B2B,Away,GamesRestOfWeek,GamesROS,Key
ANA,1,2,0,"SEA, S.J",13%,"Excellent [13,50]",0,2,0,80,ANA1
ANA,2,3,1,"PIT, CBJ, CHI",46%,"Good [64,65,9]",0,1,0,77,ANA2
ANA,3,3,0,"NSH, BOS, T.B",30%,"Excellent [45,15,50]",0,3,0,74,ANA3
ANA,4,3,2,"FLA, DET, N.J",50%,"Good [79,22,50]",0,1,0,71,ANA4
ANA,5,4,0,"FLA, DAL, VGK, WPG",73%,"Difficult [78,75,79,61]",2,2,0,67,ANA5
ANA,6,3,0,"CGY, DET, MIN",24%,"Excellent [36,23,13]",0,3,0,64,ANA6
ANA,7,4,1,"UTA, BOS, OTT, VGK",48%,"Good [67,16,32,75]",2,0,3,60,ANA7
ANA,8,3,1,"VAN, L.A, CHI",14%,"Excellent [15,50,12]",1,1,0,57,ANA8
ANA,9,4,3,"STL, UTA, WSH, CHI",45%,"Good [22,65,79,13]",1,1,0,53,ANA9
ANA,10,3,0,"PIT, NYI, N.J",60%,"Average [64,55,50]",0,3,0,50,ANA10
ANA,11,4,2,"NYR, COL, DAL, COL",67%,"Average [60,73,62,73]",4,2,0,46,ANA11
ANA,12,2,1,"SEA, L.A",11%,"Excellent [11,50]",0,1,0,44,ANA12
ANA,13,3,1,"S.J, T.B, MIN",16%,"Excellent [50,50,16]",0,0,0,41,ANA13
ANA,14,4,1,"WSH, PHI, CBJ, BUF",53%,"Average [78,27,63,43]",2,4,0,37,ANA14
ANA,15,3,1,"DAL, L.A, L.A",54%,"Average [54,50,50]",2,1,0,34,ANA15
ANA,16,4,0,"NYR, CGY, SEA, CAR",48%,"Good [56,33,10,93]",1,3,0,30,ANA16
ANA,17,3,2,"EDM, VAN, VGK",44%,"Good [53,20,59]",1,2,0,27,ANA17
ANA,18,4,1,"SEA, EDM, WPG, CAR",50%,"Good [9,51,45,93]",0,0,0,23,ANA18
ANA,19,4,1,"CGY, NYI, MTL, STL",34%,"Good [33,49,29,24]",2,0,0,19,ANA19
ANA,20,4,0,"WPG, TOR, OTT, MTL",34%,"Good [43,40,25,29]",2,4,0,15,ANA20
ANA,21,3,1,"PHI, UTA, BUF",38%,"Good [20,54,41]",0,1,0,12,ANA21
ANA,22,3,0,"VAN, CAR, EDM",53%,"Average [24,94,41]",0,3,0,9,ANA22
ANA,23,4,3,"TOR, S.J, STL, CAR",53%,"Average [39,50,25,94]",2,1,0,5,ANA23
ANA,24,5,0,"NSH, S.J, VAN, MIN, NSH",23%,"Excellent [23,50,25,21,23]",0,2,0,0,ANA24
BOS,1,3,1,"WSH, CHI, BUF",45%,"Good [80,8,46]",2,1,0,79,BOS1
BOS,2,4,1,"T.B, VGK, CGY, UTA",64%,"Average [50,83,37,71]",2,3,0,75,BOS2
BOS,3,3,0,"FLA, ANA, CGY",48%,"Good [80,28,37]",0,0,0,72,BOS3
BOS,4,4,1,"OTT, NYI, BUF, CBJ",51%,"Average [34,60,45,64]",2,1,0,68,BOS4
BOS,5,3,0,"NYI, OTT, TOR",46%,"Good [59,34,44]",0,2,0,65,BOS5
BOS,6,3,0,"TOR, OTT, MTL",37%,"Good [44,33,33]",0,2,0,62,BOS6
BOS,7,4,2,"CBJ, ANA, L.A, S.J",48%,"Good [64,33,50,50]",0,3,3,58,BOS7
BOS,8,3,0,"NYI, NYR, DET",48%,"Good [57,63,24]",2,1,0,55,BOS8
BOS,9,3,0,"DET, STL, N.J",24%,"Excellent [25,22,50]",0,1,0,52,BOS9
BOS,10,3,0,"STL, WPG, MIN",31%,"Good [23,55,15]",0,3,0,49,BOS10
BOS,11,4,0,"UTA, EDM, VAN, OTT",44%,"Good [63,67,17,30]",2,0,0,45,BOS11
BOS,12,2,0,"MTL, BUF",37%,"Good [31,43]",0,1,0,43,BOS12
BOS,13,3,0,"CAR, EDM, VAN",58%,"Average [93,62,18]",0,3,0,40,BOS13
BOS,14,4,1,"SEA, CAR, NYR, PIT",56%,"Average [10,93,57,64]",2,1,0,36,BOS14
BOS,15,3,0,"DET, SEA, CHI",18%,"Excellent [28,10,16]",0,1,0,33,BOS15
BOS,16,3,0,"DAL, VGK, MTL",47%,"Good [51,61,30]",0,1,0,30,BOS16
BOS,17,4,2,"NYR, NSH, PHI, T.B",36%,"Good [55,30,24,50]",2,2,0,26,BOS17
BOS,18,3,0,"FLA, COL, PHI",55%,"Average [64,78,23]",0,2,0,23,BOS18
BOS,19,4,0,"PIT, NSH, WSH, PIT",58%,"Average [63,28,78,63]",2,2,0,19,BOS19
BOS,20,3,0,"L.A, S.J, WSH",77%,"Difficult [50,50,77]",0,1,0,16,BOS20
BOS,21,4,1,"N.J, MTL, WPG, DET",34%,"Good [50,28,42,32]",2,3,0,12,BOS21
BOS,22,4,1,"TOR, BUF, MIN, COL",45%,"Good [39,41,20,80]",4,2,0,8,BOS22
BOS,23,4,0,"DAL, FLA, T.B, PHI",38%,"Good [36,58,50,19]",2,3,0,4,BOS23
BOS,24,4,0,"CBJ, T.B, COL, N.J",72%,"Difficult [61,50,82,50]",2,2,0,0,BOS24
BUF,1,2,0,"NYR, BOS",42%,"Good [70,15]",0,1,0,80,BUF1
BUF,2,3,1,"CGY, OTT, FLA",51%,"Average [37,35,81]",0,0,0,77,BUF2
BUF,3,4,3,"MTL, DET, TOR, TOR",36%,"Good [33,21,44,44]",2,2,0,73,BUF3
BUF,4,3,0,"COL, BOS, WSH",55%,"Average [68,16,80]",0,1,0,70,BUF4
BUF,5,3,0,"UTA, STL, CBJ",51%,"Average [68,22,64]",0,1,0,67,BUF5
BUF,6,3,1,"UTA, CGY, DET",42%,"Good [68,36,23]",2,3,0,64,BUF6
BUF,7,4,2,"EDM, CAR, CHI, CBJ",61%,"Average [76,92,12,64]",0,0,3,60,BUF7
BUF,8,3,0,"PIT, N.J, MIN",39%,"Good [64,50,14]",2,2,0,57,BUF8
BUF,9,3,3,"WPG, PHI, WPG",48%,"Good [56,32,56]",0,2,0,54,BUF9
BUF,10,4,1,"CAR, EDM, VAN, SEA",47%,"Good [92,69,16,11]",2,4,0,50,BUF10
BUF,11,3,0,"PHI, NYI, N.J",42%,"Good [30,55,50]",2,1,0,47,BUF11
BUF,12,2,0,"OTT, BOS",24%,"Excellent [30,17]",0,1,0,45,BUF12
BUF,13,3,0,"STL, DAL, COL",52%,"Average [23,58,74]",0,3,0,42,BUF13
BUF,14,3,0,"VAN, NYR, ANA",39%,"Good [19,57,42]",0,1,0,39,BUF14
BUF,15,4,1,"FLA, PHI, MTL, MIN",35%,"Good [67,26,30,17]",2,0,0,35,BUF15
BUF,16,4,0,"CBJ, NSH, MTL, NYI",44%,"Good [62,31,30,51]",2,4,0,31,BUF16
BUF,17,3,0,"TOR, L.A, MTL",36%,"Good [41,50,30]",0,1,0,28,BUF17
BUF,18,6,1,"FLA, T.B, PIT, N.J, FLA, T.B",64%,"Average [64,50,63,50,64,50]",4,5,0,22,BUF18
BUF,19,4,0,"VGK, PIT, NSH, T.B",49%,"Good [56,63,28,50]",2,1,0,18,BUF19
BUF,20,3,0,"S.J, WSH, TOR",58%,"Average [50,77,40]",0,0,0,15,BUF20
BUF,21,4,0,"VGK, S.J, L.A, ANA",52%,"Average [53,50,50,51]",2,4,0,11,BUF21
BUF,22,3,2,"BOS, DET, SEA",20%,"Excellent [19,32,9]",2,0,0,8,BUF22
BUF,23,3,0,"NYI, OTT, WSH",49%,"Good [46,23,77]",0,2,0,5,BUF23
BUF,24,5,2,"T.B, NYR, COL, CHI, DAL",46%,"Good [50,48,82,21,34]",2,2,0,0,BUF24
CAR,1,3,1,"EDM, VAN, STL",40%,"Good [90,10,21]",2,2,0,79,CAR1
CAR,2,3,1,"VGK, UTA, VGK",79%,"Difficult [83,71,83]",2,2,0,76,CAR2
CAR,3,4,3,"WPG, MTL, WPG, NYR",57%,"Average [64,33,64,68]",0,1,0,72,CAR3
CAR,4,4,1,"TOR, OTT, NSH, PHI",40%,"Good [44,34,44,36]",2,4,0,68,CAR4
CAR,5,3,2,"COL, CHI, MIN",31%,"Good [69,10,13]",0,1,0,65,CAR5
CAR,6,3,0,"STL, S.J, WPG",41%,"Good [22,50,60]",0,1,0,62,CAR6
CAR,7,4,1,"CHI, BUF, DAL, VAN",36%,"Good [12,45,71,14]",4,3,4,58,CAR7
CAR,8,3,1,"T.B, FLA, CBJ",70%,"Average [50,75,64]",0,3,0,55,CAR8
CAR,9,3,0,"NSH, MIN, UTA",40%,"Good [39,15,65]",0,1,0,52,CAR9
CAR,10,3,2,"BUF, DET, L.A",34%,"Good [44,25,50]",0,1,0,49,CAR10
CAR,11,3,0,"S.J, SEA, VGK",40%,"Good [50,11,69]",0,1,0,46,CAR11
CAR,12,2,0,"EDM, EDM",65%,"Average [65,65]",0,1,0,44,CAR12
CAR,13,3,0,"BOS, PHI, NSH",27%,"Excellent [17,28,35]",0,0,0,41,CAR13
CAR,14,4,2,"SEA, MTL, BOS, PIT",30%,"Excellent [10,30,17,64]",2,3,0,37,CAR14
CAR,15,3,0,"COL, CHI, NYI",48%,"Good [76,16,52]",0,2,0,34,CAR15
CAR,16,4,0,"N.J, PIT, WSH, ANA",62%,"Average [50,63,78,45]",0,0,0,30,CAR16
CAR,17,2,0,"MIN, S.J",18%,"Excellent [18,50]",0,1,0,28,CAR17
CAR,18,5,0,"TOR, EDM, S.J, L.A, ANA",46%,"Good [40,51,50,50,47]",2,3,0,23,CAR18
CAR,19,3,0,"DAL, OTT, CBJ",44%,"Good [45,25,62]",0,0,0,20,CAR19
CAR,20,4,1,"WSH, NYR, N.J, NYI",59%,"Average [77,52,50,48]",2,4,0,16,CAR20
CAR,21,4,2,"DET, STL, FLA, T.B",39%,"Good [32,24,61,50]",0,1,0,12,CAR21
CAR,22,3,0,"L.A, ANA, VAN",38%,"Good [50,53,24]",0,0,0,9,CAR22
CAR,23,3,1,"CGY, VGK, ANA",45%,"Good [32,49,54]",0,3,0,6,CAR23
CAR,24,6,0,"DAL, CGY, SEA, UTA, CGY, L.A",31%,"Good [34,31,8,51,31,50]",2,3,0,0,CAR24
CBJ,1,2,0,"N.J, PHI",39%,"Good [50,39]",0,0,0,80,CBJ1
CBJ,2,3,0,"S.J, ANA, L.A",26%,"Excellent [50,26,50]",0,3,0,77,CBJ2
CBJ,3,3,1,"VGK, CGY, DAL",66%,"Average [82,37,80]",0,3,0,74,CBJ3
CBJ,4,3,0,"VGK, NYI, BOS",52%,"Average [80,60,16]",0,1,0,71,CBJ4
CBJ,5,4,0,"NYR, MIN, BUF, TOR",42%,"Good [66,13,45,44]",2,2,0,67,CBJ5
CBJ,6,3,1,"WSH, VAN, EDM",57%,"Average [79,13,78]",2,0,0,64,CBJ6
CBJ,7,4,2,"BOS, MIN, WPG, BUF",34%,"Good [16,14,59,45]",0,4,3,60,CBJ7
CBJ,8,3,1,"NYR, WPG, CAR",71%,"Difficult [63,58,92]",0,0,0,57,CBJ8
CBJ,9,3,0,"TOR, NSH, S.J",41%,"Good [43,39,50]",2,0,0,54,CBJ9
CBJ,10,4,0,"COL, WSH, PHI, PHI",53%,"Average [72,79,31,31]",2,2,0,50,CBJ10
CBJ,11,3,2,"NSH, FLA, T.B",54%,"Average [37,71,50]",2,3,0,47,CBJ11
CBJ,12,2,0,"FLA, DET",48%,"Good [70,26]",0,0,0,45,CBJ12
CBJ,13,5,2,"NYR, PIT, MTL, CGY, N.J",47%,"Good [58,64,31,34,50]",4,2,0,40,CBJ13
CBJ,14,3,0,"DAL, ANA, SEA",36%,"Good [56,42,10]",0,0,0,37,CBJ14
CBJ,15,4,1,"DET, STL, FLA, N.J",39%,"Good [28,23,67,50]",4,3,0,33,CBJ15
CBJ,16,3,0,"BUF, CHI, OTT",29%,"Excellent [42,17,27]",0,1,0,30,CBJ16
CBJ,17,3,1,"UTA, WSH, L.A",68%,"Average [58,78,50]",2,1,0,27,CBJ17
CBJ,18,4,0,"OTT, NYR, T.B, DET",37%,"Good [26,54,50,30]",0,1,0,23,CBJ18
CBJ,19,4,1,"SEA, VAN, EDM, CAR",43%,"Good [9,22,48,93]",2,4,0,19,CBJ19
CBJ,20,3,0,"PIT, STL, T.B",44%,"Good [63,24,50]",0,1,0,16,CBJ20
CBJ,21,4,1,"COL, PIT, TOR, PIT",61%,"Average [80,63,39,63]",2,3,0,12,CBJ21
CBJ,22,3,0,"MTL, N.J, MTL",28%,"Excellent [28,50,28]",2,1,0,9,CBJ22
CBJ,23,4,0,"COL, COL, NYI, OTT",58%,"Average [81,81,46,23]",2,2,0,5,CBJ23
CBJ,24,5,0,"BOS, CHI, UTA, PHI, NYI",31%,"Good [19,21,51,18,45]",2,4,0,0,CBJ24
CGY,1,3,1,"L.A, UTA, DAL",78%,"Difficult [50,72,84]",0,1,0,79,CGY1
CGY,2,3,0,"BUF, COL, BOS",43%,"Good [46,67,15]",0,2,0,76,CGY2
CGY,3,4,0,"UTA, CBJ, BOS, N.J",50%,"Good [70,65,15,50]",2,3,0,72,CGY3
CGY,4,3,1,"N.J, VGK, S.J",80%,"Difficult [50,80,50]",2,2,0,69,CGY4
CGY,5,3,0,"T.B, EDM, VAN",47%,"Good [50,81,13]",2,2,0,66,CGY5
CGY,6,3,1,"ANA, BUF, NYI",45%,"Good [32,45,58]",0,0,0,63,CGY6
CGY,7,3,0,"NYR, NSH, CHI",39%,"Good [64,41,12]",2,2,3,60,CGY7
CGY,8,3,0,"S.J, MIN, MTL",23%,"Excellent [50,14,32]",2,1,0,57,CGY8
CGY,9,4,0,"VAN, NYI, NYR, PHI",41%,"Good [15,56,62,32]",2,3,0,53,CGY9
CGY,10,3,0,"NSH, FLA, NSH",49%,"Good [38,72,38]",0,1,0,50,CGY10
CGY,11,3,1,"SEA, WPG, MIN",27%,"Excellent [11,54,15]",0,2,0,47,CGY11
CGY,12,2,0,"UTA, VGK",64%,"Average [62,67]",0,1,0,45,CGY12
CGY,13,4,1,"L.A, STL, CBJ, FLA",52%,"Average [50,23,63,69]",2,2,0,41,CGY13
CGY,14,3,0,"T.B, OTT, COL",52%,"Average [50,28,75]",0,1,0,38,CGY14
CGY,15,2,1,"TOR, NSH",37%,"Good [41,33]",0,0,0,36,CGY15
CGY,16,4,0,"WSH, ANA, PHI, TOR",47%,"Good [78,45,25,41]",0,1,0,32,CGY16
CGY,17,3,1,"OTT, MTL, DET",29%,"Excellent [27,30,29]",2,3,0,29,CGY17
CGY,18,5,0,"DET, S.J, UTA, MIN, CHI",31%,"Good [30,50,57,19,18]",2,1,0,24,CGY18
CGY,19,4,0,"L.A, ANA, DAL, MIN",38%,"Good [50,49,45,19]",2,3,0,20,CGY19
CGY,20,3,0,"EDM, SEA, WPG",33%,"Good [46,9,43]",0,2,0,17,CGY20
CGY,21,4,2,"PIT, DAL, CHI, WSH",50%,"Good [63,41,20,77]",0,2,0,13,CGY21
CGY,22,3,0,"PIT, WPG, WPG",48%,"Good [63,41,41]",0,2,0,10,CGY22
CGY,23,4,2,"CAR, VAN, DAL, STL",45%,"Good [94,24,36,25]",2,1,0,6,CGY23
CGY,24,6,0,"STL, CAR, VGK, EDM, CAR, SEA",51%,"Average [25,94,48,37,94,8]",2,3,0,0,CGY24
CHI,1,3,1,"FLA, BOS, MTL",44%,"Good [82,15,34]",0,2,0,79,CHI1
CHI,2,4,3,"UTA, STL, VAN, ANA",32%,"Good [71,21,11,26]",0,1,0,75,CHI2
CHI,3,2,0,"T.B, L.A",50%,"Good [50,50]",0,1,0,73,CHI3
CHI,4,3,0,"OTT, WPG, EDM",60%,"Average [34,62,83]",0,2,0,70,CHI4
CHI,5,4,3,"SEA, VAN, CAR, DET",35%,"Good [12,13,92,22]",0,4,0,66,CHI5
CHI,6,2,1,"N.J, TOR",44%,"Good [50,44]",0,0,0,64,CHI6
CHI,7,4,1,"CAR, SEA, BUF, CGY",46%,"Good [92,12,45,36]",2,1,4,60,CHI7
CHI,8,3,1,"MIN, NSH, ANA",29%,"Excellent [14,40,34]",0,0,0,57,CHI8
CHI,9,4,0,"VGK, L.A, L.A, ANA",54%,"Average [72,50,50,35]",2,4,0,53,CHI9
CHI,10,3,2,"NYR, STL, DET",36%,"Good [61,23,25]",2,1,0,50,CHI10
CHI,11,3,0,"TOR, MTL, OTT",34%,"Good [42,31,30]",0,3,0,47,CHI11
CHI,12,3,1,"PHI, DAL, PIT",51%,"Average [29,60,64]",2,1,0,44,CHI12
CHI,13,4,2,"NYI, DAL, WSH, VGK",64%,"Average [53,58,78,66]",2,1,0,40,CHI13
CHI,14,3,2,"STL, WSH, NSH",45%,"Good [23,78,34]",2,1,0,37,CHI14
CHI,15,3,0,"EDM, CAR, BOS",56%,"Average [58,93,17]",0,0,0,34,CHI15
CHI,16,4,0,"WPG, CBJ, T.B, FLA",59%,"Average [48,62,50,66]",2,1,0,30,CHI16
CHI,17,3,1,"MIN, PIT, COL",53%,"Average [18,63,77]",2,2,0,27,CHI17
CHI,18,5,0,"S.J, COL, NSH, CGY, UTA",49%,"Good [50,78,29,33,57]",2,4,0,22,CHI18
CHI,19,3,0,"WPG, VAN, DAL",37%,"Good [44,22,45]",1,2,0,19,CHI19
CHI,20,3,1,"UTA, UTA, VGK",55%,"Average [55,55,54]",1,2,0,16,CHI20
CHI,21,4,1,"MIN, MIN, CGY, NSH",24%,"Excellent [20,20,32,26]",2,1,0,12,CHI21
CHI,22,4,1,"NYI, PHI, NYR, N.J",39%,"Good [47,19,50,50]",2,4,0,8,CHI22
CHI,23,3,0,"WPG, EDM, SEA",29%,"Excellent [39,39,8]",0,2,0,5,CHI23
CHI,24,5,1,"S.J, CBJ, STL, BUF, S.J",42%,"Good [50,61,25,40,50]",0,1,0,0,CHI24
COL,1,2,0,"NSH, MIN",29%,"Excellent [47,11]",0,2,0,80,COL1
COL,2,3,0,"N.J, CGY, T.B",37%,"Good [50,37,50]",0,0,0,77,COL2
COL,3,3,1,"DAL, WSH, PIT",75%,"Difficult [80,80,64]",2,2,0,74,COL3
COL,4,4,2,"BUF, TOR, STL, NYI",43%,"Good [45,44,22,60]",4,2,0,70,COL4
COL,5,2,1,"CAR, VAN",52%,"Average [92,13]",0,2,0,68,COL5
COL,6,4,1,"EDM, SEA, EDM, NYR",58%,"Average [78,12,78,65]",2,2,0,64,COL6
COL,7,4,0,"MTL, WPG, TOR, DET",40%,"Good [32,59,43,24]",2,3,3,60,COL7
COL,8,3,0,"WSH, TOR, PIT",62%,"Average [79,43,64]",0,1,0,57,COL8
COL,9,4,1,"N.J, DET, FLA, WSH",59%,"Average [50,25,73,79]",2,3,0,53,COL9
COL,10,3,0,"CBJ, OTT, VGK",55%,"Average [63,31,70]",0,1,0,50,COL10
COL,11,3,0,"ANA, MIN, ANA",30%,"Excellent [38,15,38]",0,1,0,47,COL11
COL,12,2,2,"L.A, NYI",54%,"Average [50,54]",1,1,0,45,COL12
COL,13,4,1,"OTT, N.J, BUF, PIT",45%,"Good [29,50,43,64]",3,1,0,41,COL13
COL,14,4,1,"S.J, VGK, CGY, UTA",53%,"Average [50,64,34,60]",2,4,0,37,COL14
COL,15,3,0,"CAR, VAN, PIT",59%,"Average [93,19,64]",0,1,0,34,COL15
COL,16,3,0,"OTT, DAL, T.B",39%,"Good [27,51,50]",0,0,0,31,COL16
COL,17,4,3,"L.A, PHI, CHI, STL",22%,"Excellent [50,24,17,24]",2,2,0,27,COL17
COL,18,4,0,"N.J, CHI, BOS, NYI",29%,"Excellent [50,18,18,50]",2,2,0,23,COL18
COL,19,4,0,"NYR, NSH, FLA, UTA",50%,"Good [53,28,63,56]",2,1,0,19,COL19
COL,20,3,0,"T.B, FLA, PHI",42%,"Good [50,62,21]",0,3,0,16,COL20
COL,21,4,0,"CBJ, NYR, SEA, NYI",42%,"Good [62,51,9,48]",2,1,0,12,COL21
COL,22,4,0,"PHI, MTL, S.J, BOS",22%,"Excellent [19,28,50,19]",2,2,0,8,COL22
COL,23,3,0,"CBJ, CBJ, WPG",54%,"Average [61,61,39]",0,1,0,5,COL23
COL,24,5,0,"DET, BUF, MTL, BOS, WSH",39%,"Good [33,40,28,19,77]",2,3,0,0,COL24
DAL,1,2,0,"WPG, CGY",52%,"Average [66,37]",0,2,0,80,DAL1
DAL,2,3,0,"MIN, VAN, STL",14%,"Excellent [11,11,21]",0,1,0,77,DAL2
DAL,3,4,0,"COL, L.A, CBJ, NSH",59%,"Average [67,50,65,45]",2,1,0,73,DAL3
DAL,4,3,0,"WSH, T.B, FLA",80%,"Difficult [80,50,79]",0,2,0,70,DAL4
DAL,5,4,0,"EDM, ANA, NSH, SEA",42%,"Good [81,30,43,12]",2,1,0,66,DAL5
DAL,6,3,0,"OTT, MTL, PHI",33%,"Good [33,33,34]",0,2,0,63,DAL6
DAL,7,3,0,"NYI, VAN, CAR",55%,"Average [58,14,92]",0,2,3,60,DAL7
DAL,8,4,2,"EDM, SEA, UTA, OTT",46%,"Good [74,12,66,32]",2,2,0,56,DAL8
DAL,9,4,2,"NYR, N.J, S.J, PIT",63%,"Average [62,50,50,64]",2,2,0,52,DAL9
DAL,10,3,0,"WPG, MIN, FLA",47%,"Good [55,15,72]",0,2,0,49,DAL10
DAL,11,4,2,"L.A, S.J, ANA, TOR",40%,"Good [50,50,38,42]",2,2,0,45,DAL11
DAL,12,2,0,"DET, CHI",20%,"Excellent [26,14]",0,1,0,43,DAL12
DAL,13,3,1,"BUF, CHI, MTL",30%,"Excellent [43,15,31]",2,1,0,40,DAL13
DAL,14,3,1,"CBJ, WSH, S.J",70%,"Average [63,78,50]",2,3,0,37,DAL14
DAL,15,4,1,"L.A, ANA, UTA, T.B",51%,"Average [50,43,59,50]",2,3,0,33,DAL15
DAL,16,3,0,"BOS, COL, STL",39%,"Good [18,76,24]",2,1,0,30,DAL16
DAL,17,3,0,"STL, VGK, UTA",47%,"Good [24,59,58]",0,3,0,27,DAL17
DAL,18,4,0,"WPG, STL, SEA, NSH",27%,"Excellent [45,24,9,29]",0,0,0,23,DAL18
DAL,19,4,0,"VAN, CAR, CGY, CHI",42%,"Good [22,93,33,19]",2,2,0,19,DAL19
DAL,20,3,0,"VGK, EDM, DET",44%,"Good [54,46,31]",0,0,0,16,DAL20
DAL,21,4,1,"UTA, CGY, MIN, VGK",40%,"Good [54,32,20,53]",2,2,0,12,DAL21
DAL,22,4,0,"N.J, NYI, PIT, PHI",43%,"Good [50,47,63,19]",2,3,0,8,DAL22
DAL,23,3,0,"BOS, WPG, CGY",30%,"Excellent [19,39,32]",0,1,0,5,DAL23
DAL,24,5,0,"CAR, MIN, NYR, TOR, BUF",48%,"Good [94,21,48,39,40]",0,2,0,0,DAL24
DET,1,2,0,"MTL, TOR",40%,"Good [34,45]",0,0,0,80,DET1
DET,2,4,3,"TOR, FLA, T.B, EDM",71%,"Difficult [45,81,50,88]",0,1,0,76,DET2
DET,3,3,1,"BUF, NYI, STL",43%,"Good [46,61,21]",2,2,0,73,DET3
DET,4,4,2,"STL, L.A, ANA, S.J",26%,"Excellent [22,50,29,50]",2,4,0,69,DET4
DET,5,3,1,"VGK, NYR, CHI",52%,"Average [79,66,10]",0,1,0,66,DET5
DET,6,3,1,"ANA, BUF, NYR",47%,"Good [32,45,65]",2,1,0,63,DET6
DET,7,3,0,"SEA, NYI, COL",47%,"Good [12,58,70]",0,0,3,60,DET7
DET,8,4,0,"N.J, NSH, T.B, BOS",28%,"Excellent [50,40,50,16]",2,2,0,56,DET8
DET,9,3,0,"BOS, COL, SEA",33%,"Good [16,72,11]",0,2,0,53,DET9
DET,10,4,2,"VAN, CAR, EDM, CHI",48%,"Good [16,92,69,13]",2,4,0,49,DET10
DET,11,4,1,"NYI, UTA, WSH, WSH",69%,"Average [55,63,79,79]",4,1,0,45,DET11
DET,12,3,1,"DAL, CBJ, TOR",55%,"Average [60,63,42]",2,1,0,42,DET12
DET,13,3,0,"WPG, PIT, PIT",60%,"Average [52,64,64]",2,1,0,39,DET13
DET,14,3,1,"OTT, VAN, MTL",26%,"Excellent [28,19,30]",0,2,0,36,DET14
DET,15,4,2,"CBJ, BOS, S.J, OTT",36%,"Good [63,17,50,28]",2,1,0,32,DET15
DET,16,3,0,"TOR, MIN, WPG",36%,"Good [41,18,48]",2,3,0,29,DET16
DET,17,3,0,"L.A, WSH, CGY",56%,"Average [50,78,33]",0,0,0,26,DET17
DET,18,4,0,"CGY, UTA, OTT, CBJ",44%,"Good [33,57,26,62]",0,4,0,22,DET18
DET,19,4,1,"NSH, VGK, FLA, N.J",49%,"Good [28,56,63,50]",0,2,0,18,DET19
DET,20,3,0,"FLA, T.B, DAL",52%,"Average [62,50,43]",0,3,0,15,DET20
DET,21,3,1,"CAR, MTL, BOS",47%,"Good [94,28,18]",0,0,0,12,DET21
DET,22,3,1,"OTT, BUF, PHI",28%,"Excellent [24,41,19]",2,1,0,9,DET22
DET,23,4,0,"PIT, PHI, NYR, MIN",38%,"Good [63,19,49,21]",2,3,0,5,DET23
DET,24,5,0,"COL, PHI, N.J, T.B, FLA",52%,"Average [82,18,50,50,57]",0,2,0,0,DET24
EDM,1,2,1,"CAR, VAN",50%,"Good [91,10]",0,0,0,80,EDM1
EDM,2,4,1,"NYR, NYI, N.J, DET",50%,"Good [69,61,50,21]",2,4,0,76,EDM2
EDM,3,4,0,"OTT, MTL, SEA, VAN",23%,"Excellent [35,33,13,11]",2,3,0,72,EDM3
EDM,4,3,0,"UTA, NYR, CHI",49%,"Good [69,67,10]",0,0,0,69,EDM4
EDM,5,3,1,"STL, DAL, CGY",44%,"Good [22,75,36]",2,2,0,66,EDM5
EDM,6,4,2,"COL, PHI, COL, CBJ",59%,"Average [69,34,69,64]",2,3,0,62,EDM6
EDM,7,4,1,"BUF, WSH, T.B, FLA",67%,"Average [45,79,50,76]",2,4,3,58,EDM7
EDM,8,2,1,"DAL, SEA",40%,"Good [69,12]",0,1,0,56,EDM8
EDM,9,3,0,"MIN, SEA, WPG",27%,"Excellent [15,11,56]",0,0,0,53,EDM9
EDM,10,4,0,"BUF, DET, TOR, MTL",36%,"Good [44,25,43,32]",2,2,0,49,EDM10
EDM,11,4,0,"PIT, BOS, MIN, VGK",41%,"Good [64,17,15,69]",2,3,0,45,EDM11
EDM,12,2,0,"CAR, CAR",93%,"Difficult [93,93]",0,1,0,43,EDM12
EDM,13,3,0,"WPG, BOS, PHI",32%,"Good [52,17,28]",0,1,0,40,EDM13
EDM,14,3,0,"NSH, WPG, L.A",42%,"Good [34,50,50]",0,1,0,37,EDM14
EDM,15,5,1,"CHI, NSH, NYI, VAN, STL",29%,"Excellent [16,33,52,19,23]",4,3,0,32,EDM15
EDM,16,3,0,"N.J, PIT, WSH",70%,"Average [50,63,78]",0,0,0,29,EDM16
EDM,17,3,1,"ANA, S.J, MIN",32%,"Good [46,50,18]",0,0,0,26,EDM17
EDM,18,5,0,"TOR, CAR, ANA, L.A, S.J",60%,"Average [40,93,47,50,50]",4,4,0,21,EDM18
EDM,19,3,0,"OTT, CBJ, VGK",48%,"Good [25,62,56]",0,1,0,18,EDM19
EDM,20,4,1,"CGY, DAL, STL, NSH",32%,"Good [32,43,24,27]",2,3,0,14,EDM20
EDM,21,3,0,"S.J, FLA, T.B",61%,"Average [50,61,50]",0,0,0,11,EDM21
EDM,22,3,0,"UTA, VGK, ANA",52%,"Average [53,51,53]",0,2,0,8,EDM22
EDM,23,3,0,"SEA, CHI, VGK",26%,"Excellent [8,21,49]",0,0,0,5,EDM23
EDM,24,5,1,"UTA, S.J, L.A, CGY, VAN",36%,"Good [51,50,50,31,25]",2,3,0,0,EDM24
FLA,1,3,1,"CHI, PHI, OTT",28%,"Excellent [8,39,36]",0,0,0,79,FLA1
FLA,2,4,1,"PHI, DET, N.J, BUF",35%,"Good [38,21,50,46]",2,4,0,75,FLA2
FLA,3,3,0,"BOS, PIT, VGK",54%,"Average [15,64,82]",0,1,0,72,FLA3
FLA,4,2,0,"ANA, DAL",53%,"Average [29,77]",0,0,0,70,FLA4
FLA,5,3,0,"ANA, L.A, S.J",30%,"Excellent [30,50,50]",0,3,0,67,FLA5
FLA,6,3,1,"VGK, WSH, T.B",78%,"Difficult [77,79,50]",0,1,0,64,FLA6
FLA,7,3,0,"VAN, N.J, EDM",45%,"Good [14,50,76]",0,0,2,61,FLA7
FLA,8,3,0,"NSH, PHI, CAR",55%,"Average [40,32,92]",0,1,0,58,FLA8
FLA,9,4,0,"TOR, NSH, COL, NYI",52%,"Average [43,39,72,56]",2,0,0,54,FLA9
FLA,10,3,1,"UTA, CGY, DAL",54%,"Average [64,35,64]",2,3,0,51,FLA10
FLA,11,4,3,"T.B, L.A, CBJ, STL",43%,"Good [50,50,63,23]",2,1,0,47,FLA11
FLA,12,2,0,"CBJ, T.B",63%,"Average [63,50]",0,1,0,45,FLA12
FLA,13,4,3,"WSH, MTL, NYR, CGY",50%,"Good [78,31,58,34]",2,0,0,41,FLA13
FLA,14,3,0,"TOR, MTL, OTT",33%,"Good [41,30,28]",0,3,0,38,FLA14
FLA,15,3,1,"BUF, CBJ, WSH",61%,"Average [43,63,78]",2,3,0,35,FLA15
FLA,16,4,0,"S.J, WPG, MIN, CHI",28%,"Excellent [50,48,18,17]",2,3,0,31,FLA16
FLA,17,3,0,"UTA, STL, WPG",43%,"Good [58,24,47]",0,1,0,28,FLA17
FLA,18,6,1,"BUF, BOS, T.B, TOR, BUF, NYI",38%,"Good [42,18,50,40,42,50]",4,2,0,22,FLA18
FLA,19,3,0,"N.J, COL, DET",54%,"Average [50,78,31]",2,3,0,19,FLA19
FLA,20,3,0,"DET, COL, SEA",40%,"Good [31,79,9]",0,1,0,16,FLA20
FLA,21,3,1,"VAN, EDM, CAR",54%,"Average [23,44,94]",2,3,0,13,FLA21
FLA,22,4,0,"SEA, MIN, NYI, NYR",32%,"Good [9,20,47,50]",2,2,0,9,FLA22
FLA,23,4,0,"OTT, BOS, PIT, PIT",42%,"Good [23,19,63,63]",2,2,0,5,FLA23
FLA,24,5,0,"MTL, OTT, TOR, NYR, DET",34%,"Good [28,23,39,48,33]",0,3,0,0,FLA24
L.A,1,3,2,"CGY, VGK, WPG",63%,"Average [37,85,66]",2,2,0,79,L.A1
L.A,2,3,0,"MIN, PIT, CBJ",47%,"Good [11,64,65]",0,1,0,76,L.A2
L.A,3,4,0,"STL, DAL, NSH, CHI",39%,"Good [21,80,45,9]",2,4,0,72,L.A3
L.A,4,3,0,"S.J, DET, N.J",22%,"Excellent [50,22,50]",0,1,0,69,L.A4
L.A,5,3,0,"WPG, FLA, PIT",68%,"Average [61,78,64]",0,1,0,66,L.A5
L.A,6,3,0,"MTL, TOR, OTT",37%,"Good [33,44,33]",0,3,0,63,L.A6
L.A,7,3,1,"WSH, S.J, BOS",48%,"Good [79,50,16]",2,2,2,60,L.A7
L.A,8,3,0,"OTT, ANA, VAN",27%,"Excellent [32,34,15]",2,1,0,57,L.A8
L.A,9,3,0,"WSH, CHI, CHI",35%,"Good [79,13,13]",0,0,0,54,L.A9
L.A,10,3,2,"UTA, SEA, CAR",56%,"Average [64,11,92]",0,2,0,51,L.A10
L.A,11,3,2,"DAL, FLA, T.B",66%,"Average [62,71,50]",2,3,0,48,L.A11
L.A,12,3,1,"COL, SEA, ANA",41%,"Good [74,11,39]",2,0,0,45,L.A12
L.A,13,3,0,"CGY, T.B, MIN",25%,"Excellent [34,50,16]",0,1,0,42,L.A13
L.A,14,4,3,"MIN, S.J, WPG, EDM",42%,"Good [17,50,50,60]",2,2,0,38,L.A14
L.A,15,4,2,"DAL, VGK, ANA, ANA",50%,"Good [54,62,43,43]",2,1,0,34,L.A15
L.A,16,2,0,"NYR, STL",40%,"Good [56,24]",0,1,0,32,L.A16
L.A,17,5,2,"COL, DET, BUF, PHI, CBJ",47%,"Good [77,29,42,24,62]",4,5,0,27,L.A17
L.A,18,5,0,"SEA, VGK, VGK, EDM, CAR",53%,"Average [9,57,57,51,93]",4,1,0,22,L.A18
L.A,19,3,0,"CGY, NYI, MTL",37%,"Good [33,49,29]",0,0,0,19,L.A19
L.A,20,3,1,"BOS, NYI, N.J",33%,"Good [18,48,50]",2,3,0,16,L.A20
L.A,21,4,1,"NYR, PHI, BUF, UTA",42%,"Good [51,20,41,54]",2,2,0,12,L.A21
L.A,22,3,0,"CAR, VAN, UTA",57%,"Average [94,24,53]",0,2,0,9,L.A22
L.A,23,3,1,"STL, NSH, TOR",29%,"Excellent [25,24,39]",2,0,0,6,L.A23
L.A,24,6,1,"NSH, VAN, EDM, SEA, VAN, CAR",35%,"Good [23,25,37,8,25,94]",2,3,0,0,L.A24
MIN,1,2,0,"STL, COL",44%,"Good [21,66]",0,1,0,80,MIN1
MIN,2,4,1,"L.A, DAL, WSH, PHI",67%,"Average [50,82,80,38]",4,3,0,76,MIN2
MIN,3,4,2,"NYR, N.J, UTA, S.J",69%,"Average [68,50,70,50]",2,2,0,72,MIN3
MIN,4,3,0,"WPG, PIT, VAN",46%,"Good [62,64,12]",0,0,0,69,MIN4
MIN,5,4,1,"NSH, CBJ, NYI, CAR",64%,"Average [43,64,59,92]",2,2,0,65,MIN5
MIN,6,3,1,"S.J, ANA, VGK",54%,"Average [50,32,77]",2,0,0,62,MIN6
MIN,7,3,2,"CBJ, PIT, WPG",62%,"Average [64,64,59]",0,2,3,59,MIN7
MIN,8,3,0,"CHI, CGY, BUF",30%,"Excellent [12,35,44]",2,1,0,56,MIN8
MIN,9,3,0,"EDM, CAR, VAN",60%,"Average [72,92,15]",0,3,0,53,MIN9
MIN,10,4,1,"SEA, DAL, OTT, BOS",31%,"Good [11,64,31,17]",2,1,0,49,MIN10
MIN,11,4,0,"WSH, COL, EDM, CGY",64%,"Average [79,73,67,35]",2,1,0,45,MIN11
MIN,12,2,0,"NSH, WPG",44%,"Good [36,53]",0,1,0,43,MIN12
MIN,13,4,1,"VGK, S.J, ANA, L.A",54%,"Average [66,50,41,50]",2,4,0,39,MIN13
MIN,14,3,1,"L.A, SEA, NYI",32%,"Good [50,10,53]",0,2,0,36,MIN14
MIN,15,3,0,"N.J, WPG, BUF",46%,"Good [50,49,43]",0,1,0,33,MIN15
MIN,16,4,0,"TOR, MTL, DET, FLA",42%,"Good [41,30,29,66]",2,2,0,29,MIN16
MIN,17,3,0,"CHI, CAR, EDM",54%,"Average [17,93,53]",0,1,0,26,MIN17
MIN,18,5,1,"MTL, NSH, CGY, UTA, STL",34%,"Good [29,29,33,57,24]",2,3,0,21,MIN18
MIN,19,3,0,"T.B, VGK, CGY",44%,"Good [50,56,33]",0,2,0,18,MIN19
MIN,20,4,0,"UTA, PHI, NYR, TOR",42%,"Good [55,21,52,40]",2,0,0,14,MIN20
MIN,21,3,0,"CHI, CHI, DAL",27%,"Excellent [20,20,41]",0,1,0,11,MIN21
MIN,22,3,0,"T.B, FLA, BOS",40%,"Good [50,60,19]",0,3,0,8,MIN22
MIN,23,3,0,"VAN, OTT, DET",27%,"Excellent [24,23,33]",2,2,0,5,MIN23
MIN,24,5,0,"SEA, DAL, NSH, STL, ANA",29%,"Excellent [8,34,23,25,55]",2,3,0,0,MIN24
MTL,1,3,1,"TOR, DET, CHI",24%,"Excellent [45,20,8]",2,3,0,79,MTL1
MTL,2,3,0,"SEA, NSH, NYR",43%,"Good [13,46,69]",0,0,0,76,MTL2
MTL,3,4,2,"BUF, CAR, EDM, VAN",58%,"Average [46,91,85,11]",2,3,0,72,MTL3
MTL,4,2,0,"SEA, OTT",23%,"Excellent [12,34]",0,1,0,70,MTL4
MTL,5,3,0,"PHI, N.J, UTA",52%,"Average [35,50,68]",0,1,0,67,MTL5
MTL,6,3,0,"L.A, DAL, BOS",44%,"Good [50,73,16]",0,0,0,64,MTL6
MTL,7,3,0,"COL, WSH, TOR",64%,"Average [70,79,43]",0,1,2,61,MTL7
MTL,8,3,0,"UTA, VGK, CGY",58%,"Average [66,74,35]",2,3,0,58,MTL8
MTL,9,4,1,"OTT, WPG, TOR, STL",38%,"Good [31,56,43,22]",4,1,0,54,MTL9
MTL,10,4,0,"T.B, PIT, NYR, EDM",65%,"Average [50,64,61,69]",2,2,0,50,MTL10
MTL,11,4,0,"PHI, CHI, PIT, PIT",43%,"Good [30,14,64,64]",2,1,0,46,MTL11
MTL,12,2,1,"BOS, T.B",17%,"Excellent [17,50]",0,2,0,44,MTL12
MTL,13,4,2,"FLA, CBJ, STL, DAL",53%,"Average [69,63,23,58]",2,4,0,40,MTL13
MTL,14,3,1,"CAR, FLA, DET",63%,"Average [93,68,28]",2,0,0,37,MTL14
MTL,15,4,0,"VAN, WSH, BUF, OTT",42%,"Good [19,78,43,28]",2,3,0,33,MTL15
MTL,16,3,0,"MIN, BUF, BOS",26%,"Excellent [18,42,18]",0,1,0,30,MTL16
MTL,17,3,0,"VGK, CGY, BUF",45%,"Good [59,33,42]",0,1,0,27,MTL17
MTL,18,4,0,"MIN, WPG, NYI, WSH",48%,"Good [19,45,50,78]",0,2,0,23,MTL18
MTL,19,3,0,"S.J, ANA, L.A",49%,"Good [50,49,50]",2,3,0,20,MTL19
MTL,20,4,1,"TOR, OTT, S.J, ANA",38%,"Good [40,25,50,50]",4,1,0,16,MTL20
MTL,21,3,0,"BOS, DET, NYI",33%,"Good [18,32,48]",0,1,0,13,MTL21
MTL,22,4,0,"CBJ, COL, NSH, CBJ",57%,"Average [61,80,25,61]",2,2,0,9,MTL22
MTL,23,4,0,"T.B, NYR, N.J, N.J",49%,"Good [50,49,50,50]",2,3,0,5,MTL23
MTL,24,5,0,"FLA, T.B, COL, NYI, PHI",50%,"Good [57,50,82,45,18]",2,2,0,0,MTL24
N.J,1,2,0,"CBJ, T.B",65%,"Average [65,50]",0,2,0,80,N.J1
N.J,2,3,0,"COL, FLA, EDM",79%,"Difficult [67,81,88]",0,1,0,77,N.J2
N.J,3,4,2,"TOR, MIN, S.J, CGY",31%,"Good [44,12,50,37]",2,1,0,73,N.J3
N.J,4,4,1,"CGY, S.J, L.A, ANA",32%,"Good [36,50,50,29]",2,4,0,69,N.J4
N.J,5,2,0,"MTL, PIT",48%,"Good [33,64]",0,0,0,67,N.J5
N.J,6,3,2,"NYI, CHI, WSH",49%,"Good [58,11,79]",0,2,0,64,N.J6
N.J,7,3,0,"T.B, FLA, PHI",54%,"Average [50,76,33]",0,3,3,61,N.J7
N.J,8,4,0,"DET, STL, BUF, PHI",30%,"Excellent [24,22,44,32]",2,1,0,57,N.J8
N.J,9,4,3,"COL, DAL, VGK, BOS",57%,"Average [72,67,72,16]",2,1,0,53,N.J9
N.J,10,4,0,"OTT, T.B, ANA, VAN",28%,"Excellent [31,50,37,16]",2,1,0,49,N.J10
N.J,11,3,2,"VGK, UTA, BUF",59%,"Average [69,63,44]",0,2,0,46,N.J11
N.J,12,2,0,"NYI, WSH",66%,"Average [54,78]",0,1,0,44,N.J12
N.J,13,4,2,"TOR, COL, UTA, CBJ",60%,"Average [42,74,61,63]",4,2,0,40,N.J13
N.J,14,3,1,"NYI, PIT, WPG",56%,"Average [53,64,50]",1,3,0,37,N.J14
N.J,15,3,1,"MIN, SEA, CBJ",30%,"Excellent [17,10,63]",1,1,0,34,N.J15
N.J,16,4,0,"CAR, EDM, VAN, SEA",44%,"Good [93,55,20,10]",2,4,0,30,N.J16
N.J,17,3,0,"WPG, NSH, OTT",35%,"Good [47,30,27]",0,1,0,27,N.J17
N.J,18,5,0,"COL, NYI, BUF, PIT, STL",51%,"Average [78,50,42,63,24]",2,2,0,22,N.J18
N.J,19,4,1,"FLA, TOR, NYR, DET",47%,"Good [63,40,53,31]",4,0,0,18,N.J19
N.J,20,2,0,"CAR, L.A",94%,"Difficult [94,50]",0,0,0,16,N.J20
N.J,21,3,2,"BOS, NYR, WSH",49%,"Good [18,51,77]",0,2,0,13,N.J21
N.J,22,4,0,"DAL, NSH, CBJ, CHI",36%,"Good [38,25,61,20]",2,3,0,9,N.J22
N.J,23,4,0,"NYR, WSH, MTL, MTL",46%,"Good [49,77,28,28]",2,2,0,5,N.J23
N.J,24,5,0,"PHI, PIT, DET, OTT, BOS",31%,"Good [18,63,33,23,19]",2,2,0,0,N.J24
NSH,1,2,0,"COL, UTA",69%,"Average [66,72]",0,0,0,80,NSH1
NSH,2,4,0,"OTT, TOR, MTL, WPG",45%,"Good [35,45,34,65]",2,4,0,76,NSH2
NSH,3,4,0,"ANA, VAN, L.A, DAL",40%,"Good [28,11,50,80]",2,0,0,72,NSH3
NSH,4,3,0,"T.B, PHI, CAR",64%,"Average [50,36,91]",0,1,0,69,NSH4
NSH,5,4,1,"VAN, MIN, PHI, DAL",34%,"Good [13,13,35,75]",2,1,0,65,NSH5
NSH,6,3,3,"NYR, PIT, PIT",64%,"Average [65,64,64]",0,2,0,62,NSH6
NSH,7,1,0,CGY,36%,Good [36],0,0,1,61,NSH7
NSH,8,4,0,"FLA, DET, CHI, WPG",42%,"Good [75,24,12,58]",2,2,0,57,NSH8
NSH,9,3,0,"CAR, FLA, CBJ",76%,"Difficult [92,73,64]",0,2,0,54,NSH9
NSH,10,3,0,"CGY, STL, CGY",31%,"Good [35,23,35]",0,1,0,51,NSH10
NSH,11,4,2,"STL, CBJ, TOR, NYR",47%,"Good [23,63,42,60]",2,1,0,47,NSH11
NSH,12,2,0,"MIN, STL",20%,"Excellent [16,23]",0,2,0,45,NSH12
NSH,13,4,0,"UTA, VGK, SEA, CAR",58%,"Average [61,66,11,93]",2,4,0,41,NSH13
NSH,14,4,1,"EDM, NYI, CHI, WSH",52%,"Average [60,53,16,78]",2,1,0,37,NSH14
NSH,15,3,1,"EDM, CGY, VGK",51%,"Average [58,34,62]",2,2,0,34,NSH15
NSH,16,3,0,"BUF, OTT, UTA",43%,"Good [42,27,59]",0,0,0,31,NSH16
NSH,17,3,0,"BOS, N.J, NYI",34%,"Good [18,50,50]",0,3,0,28,NSH17
NSH,18,5,0,"STL, MIN, WSH, CHI, DAL",37%,"Good [24,19,78,18,47]",2,2,0,23,NSH18
NSH,19,4,0,"DET, COL, BOS, BUF",42%,"Good [31,78,18,42]",2,2,0,19,NSH19
NSH,20,3,0,"SEA, VAN, EDM",26%,"Excellent [9,22,46]",0,3,0,16,NSH20
NSH,21,4,0,"WPG, SEA, VGK, CHI",31%,"Good [42,9,53,20]",2,2,0,12,NSH21
NSH,22,4,0,"S.J, N.J, MTL, T.B",28%,"Excellent [50,50,28,50]",2,1,0,8,NSH22
NSH,23,2,0,"L.A, S.J",50%,"Good [50,50]",0,2,0,6,NSH23
NSH,24,6,1,"L.A, ANA, UTA, MIN, S.J, ANA",46%,"Good [50,55,51,21,50,55]",2,3,0,0,NSH24
NYI,1,2,0,"PIT, WSH",72%,"Difficult [64,80]",0,1,0,80,NYI1
NYI,2,3,0,"WPG, EDM, OTT",63%,"Average [65,88,35]",0,1,0,77,NYI2
NYI,3,3,0,"S.J, DET, PHI",29%,"Excellent [50,21,37]",0,1,0,74,NYI3
NYI,4,4,2,"BOS, CBJ, WSH, COL",57%,"Average [16,64,80,68]",2,3,0,70,NYI4
NYI,5,3,1,"BOS, MIN, NYR",32%,"Good [16,13,66]",2,1,0,67,NYI5
NYI,6,4,3,"N.J, VGK, UTA, CGY",60%,"Average [50,77,68,36]",2,4,0,63,NYI6
NYI,7,4,0,"DAL, DET, STL, SEA",32%,"Good [71,24,22,12]",2,2,4,59,NYI7
NYI,8,3,1,"BOS, PHI, WSH",42%,"Good [16,32,79]",0,0,0,56,NYI8
NYI,9,4,0,"T.B, CGY, T.B, FLA",54%,"Average [50,35,50,73]",2,2,0,52,NYI9
NYI,10,3,0,"VGK, ANA, T.B",54%,"Average [70,37,50]",0,0,0,49,NYI10
NYI,11,3,1,"DET, VAN, BUF",29%,"Excellent [26,17,44]",2,2,0,46,NYI11
NYI,12,3,1,"N.J, NYR, COL",66%,"Average [50,59,74]",2,1,0,43,NYI12
NYI,13,3,1,"CHI, UTA, TOR",39%,"Good [15,61,42]",0,1,0,40,NYI13
NYI,14,3,0,"N.J, NSH, MIN",26%,"Excellent [50,34,17]",0,2,0,37,NYI14
NYI,15,3,0,"WPG, EDM, CAR",67%,"Average [49,58,93]",0,3,0,34,NYI15
NYI,16,3,0,"VAN, SEA, BUF",24%,"Excellent [20,10,42]",0,2,0,31,NYI16
NYI,17,4,2,"PHI, NYR, NYR, NSH",41%,"Good [24,55,55,30]",2,2,0,27,NYI17
NYI,18,6,0,"WSH, PIT, N.J, MTL, COL, FLA",62%,"Average [78,63,50,29,78,64]",4,4,0,21,NYI18
NYI,19,3,1,"ANA, L.A, S.J",49%,"Good [49,50,50]",2,3,0,18,NYI19
NYI,20,3,1,"STL, L.A, CAR",59%,"Average [24,50,94]",2,1,0,15,NYI20
NYI,21,4,0,"TOR, OTT, MTL, COL",43%,"Good [39,24,28,80]",2,3,0,11,NYI21
NYI,22,3,0,"CHI, DAL, FLA",39%,"Good [20,38,60]",0,0,0,8,NYI22
NYI,23,4,2,"PIT, BUF, PHI, CBJ",46%,"Good [63,41,19,61]",4,2,0,4,NYI23
NYI,24,4,0,"TOR, OTT, MTL, CBJ",38%,"Good [39,23,28,61]",2,0,0,0,NYI24
NYR,1,4,2,"PIT, BUF, PIT, WSH",64%,"Average [64,46,64,80]",2,2,0,78,NYR1
NYR,2,3,0,"EDM, TOR, MTL",56%,"Average [88,45,34]",0,2,0,75,NYR2
NYR,3,3,1,"MIN, S.J, CAR",52%,"Average [12,50,91]",0,1,0,72,NYR3
NYR,4,3,0,"VAN, EDM, SEA",36%,"Good [12,83,12]",0,3,0,69,NYR4
NYR,5,3,1,"CBJ, DET, NYI",48%,"Good [64,22,59]",2,1,0,66,NYR5
NYR,6,4,3,"NSH, T.B, COL, DET",45%,"Good [42,50,69,23]",2,2,0,62,NYR6
NYR,7,3,0,"VGK, CGY, UTA",59%,"Average [75,36,67]",0,3,3,59,NYR7
NYR,8,4,0,"STL, CBJ, BOS, T.B",34%,"Good [22,64,16,50]",2,2,0,55,NYR8
NYR,9,4,0,"DAL, OTT, CGY, VGK",51%,"Average [67,31,35,72]",2,1,0,51,NYR9
NYR,10,2,1,"CHI, MTL",22%,"Excellent [13,32]",0,1,0,49,NYR10
NYR,11,5,1,"ANA, VAN, STL, PHI, NSH",29%,"Excellent [38,17,23,30,37]",4,2,0,44,NYR11
NYR,12,2,0,"WSH, NYI",66%,"Average [78,54]",0,2,0,42,NYR12
NYR,13,3,1,"CBJ, WSH, FLA",70%,"Average [63,78,69]",0,3,0,39,NYR13
NYR,14,3,1,"UTA, BUF, BOS",40%,"Good [60,43,17]",0,1,0,36,NYR14
NYR,15,3,1,"SEA, OTT, PHI",21%,"Excellent [10,28,26]",0,1,0,33,NYR15
NYR,16,3,0,"ANA, L.A, S.J",45%,"Good [45,50,50]",2,3,0,30,NYR16
NYR,17,4,2,"BOS, NYI, NYI, PIT",45%,"Good [18,50,50,63]",2,2,0,26,NYR17
NYR,18,3,0,"CBJ, PHI, PIT",49%,"Good [62,23,63]",0,0,0,23,NYR18
NYR,19,3,0,"COL, TOR, N.J",59%,"Average [78,40,50]",0,1,0,20,NYR19
NYR,20,4,1,"PHI, CAR, WPG, MIN",44%,"Good [21,94,43,20]",2,3,0,16,NYR20
NYR,21,4,1,"L.A, N.J, COL, WPG",61%,"Average [50,50,80,42]",3,1,0,12,NYR21
NYR,22,4,3,"OTT, TOR, CHI, FLA",36%,"Good [24,39,20,60]",1,1,0,8,NYR22
NYR,23,4,0,"N.J, MTL, DET, WSH",46%,"Good [50,28,33,77]",2,0,0,4,NYR23
NYR,24,4,1,"BUF, DAL, FLA, T.B",44%,"Good [40,34,57,50]",0,3,0,0,NYR24
OTT,1,2,0,"T.B, FLA",82%,"Difficult [50,82]",0,2,0,80,OTT1
OTT,2,4,1,"NSH, BUF, SEA, NYI",42%,"Good [46,46,13,61]",2,1,0,76,OTT2
OTT,3,3,0,"EDM, PHI, WSH",67%,"Average [85,37,80]",0,1,0,73,OTT3
OTT,4,4,1,"BOS, CHI, CAR, MTL",38%,"Good [16,10,91,33]",2,2,0,69,OTT4
OTT,5,3,0,"BOS, PHI, UTA",40%,"Good [16,35,68]",2,2,0,66,OTT5
OTT,6,3,0,"DAL, BOS, L.A",44%,"Good [73,16,50]",0,0,0,63,OTT6
OTT,7,2,0,"ANA, S.J",33%,"Good [33,50]",0,2,2,61,OTT7
OTT,8,4,1,"L.A, VGK, STL, DAL",55%,"Average [50,74,22,69]",0,4,0,57,OTT8
OTT,9,3,0,"MTL, NYR, STL",39%,"Good [32,62,22]",0,1,0,54,OTT9
OTT,10,3,0,"N.J, COL, MIN",44%,"Good [50,72,15]",0,2,0,51,OTT10
OTT,11,4,1,"WPG, PIT, CHI, BOS",37%,"Good [54,64,14,17]",2,2,0,47,OTT11
OTT,12,2,0,"BUF, TOR",42%,"Good [43,42]",0,1,0,45,OTT12
OTT,13,3,0,"COL, WSH, WPG",68%,"Average [74,78,52]",0,0,0,42,OTT13
OTT,14,4,2,"DET, UTA, CGY, FLA",48%,"Good [28,60,34,68]",2,2,0,38,OTT14
OTT,15,4,2,"VAN, NYR, MTL, DET",33%,"Good [19,56,30,28]",4,2,0,34,OTT15
OTT,16,4,0,"COL, NSH, CBJ, VGK",58%,"Average [76,31,62,61]",2,2,0,30,OTT16
OTT,17,2,1,"CGY, N.J",33%,"Good [33,50]",0,0,0,28,OTT17
OTT,18,5,0,"PIT, CBJ, PHI, DET, TOR",44%,"Good [63,62,23,30,40]",2,4,0,23,OTT18
OTT,19,3,0,"EDM, CAR, SEA",50%,"Good [48,93,9]",0,3,0,20,OTT19
OTT,20,4,2,"VAN, MTL, ANA, S.J",34%,"Good [22,29,50,50]",2,1,0,16,OTT20
OTT,21,3,0,"WSH, NYI, TOR",55%,"Average [77,48,39]",2,1,0,13,OTT21
OTT,22,4,1,"NYR, DET, PIT, T.B",48%,"Good [50,32,63,50]",2,3,0,9,OTT22
OTT,23,4,0,"FLA, BUF, MIN, CBJ",45%,"Good [58,41,21,61]",2,1,0,5,OTT23
OTT,24,5,0,"T.B, FLA, NYI, N.J, TOR",47%,"Good [50,57,45,50,39]",2,2,0,0,OTT24
PHI,1,2,0,"FLA, CBJ",74%,"Difficult [82,65]",0,2,0,80,PHI1
PHI,2,3,0,"FLA, WPG, MIN",52%,"Average [81,65,11]",0,0,0,77,PHI2
PHI,3,3,1,"SEA, OTT, NYI",36%,"Good [13,35,61]",0,1,0,74,PHI3
PHI,4,4,1,"PIT, NSH, TOR, CAR",61%,"Average [64,44,44,91]",2,0,0,70,PHI4
PHI,5,3,0,"MTL, NSH, OTT",37%,"Good [33,43,34]",0,2,0,67,PHI5
PHI,6,3,2,"EDM, STL, DAL",58%,"Average [78,22,73]",2,2,0,64,PHI6
PHI,7,2,0,"STL, N.J",22%,"Excellent [22,50]",0,0,2,62,PHI7
PHI,8,4,0,"T.B, FLA, NYI, N.J",66%,"Average [50,75,57,50]",2,4,0,58,PHI8
PHI,9,3,2,"PIT, BUF, CGY",48%,"Good [64,44,35]",0,0,0,55,PHI9
PHI,10,4,0,"S.J, VGK, CBJ, CBJ",65%,"Average [50,70,63,63]",2,1,0,51,PHI10
PHI,11,3,0,"MTL, BUF, NYR",45%,"Good [31,44,60]",0,3,0,48,PHI11
PHI,12,3,2,"VAN, CHI, SEA",14%,"Excellent [17,14,11]",2,2,0,45,PHI12
PHI,13,3,1,"VAN, CAR, EDM",58%,"Average [18,93,62]",2,3,0,42,PHI13
PHI,14,3,0,"ANA, TOR, T.B",42%,"Good [42,41,50]",0,0,0,39,PHI14
PHI,15,4,1,"T.B, BUF, PIT, NYR",54%,"Average [50,43,64,56]",2,2,0,35,PHI15
PHI,16,3,0,"VGK, UTA, CGY",51%,"Average [61,59,33]",0,3,0,32,PHI16
PHI,17,4,2,"NYI, COL, BOS, L.A",48%,"Good [50,77,18,50]",2,2,0,28,PHI17
PHI,18,5,0,"WSH, OTT, WSH, NYR, BOS",51%,"Average [78,26,78,54,18]",2,2,0,23,PHI18
PHI,19,3,0,"TOR, UTA, PIT",53%,"Average [40,56,63]",0,2,0,20,PHI19
PHI,20,4,2,"NYR, WSH, MIN, COL",57%,"Average [52,77,20,79]",2,1,0,16,PHI20
PHI,21,3,0,"ANA, L.A, S.J",51%,"Average [51,50,50]",2,3,0,13,PHI21
PHI,22,4,0,"COL, CHI, DET, DAL",42%,"Good [80,20,32,38]",2,1,0,9,PHI22
PHI,23,4,1,"WSH, DET, NYI, BOS",44%,"Good [77,33,46,19]",2,2,0,5,PHI23
PHI,24,5,0,"N.J, DET, WPG, CBJ, MTL",40%,"Good [50,33,38,61,28]",2,3,0,0,PHI24
PIT,1,3,1,"NYR, NYI, NYR",67%,"Average [70,62,70]",0,1,0,79,PIT1
PIT,2,3,0,"ANA, L.A, S.J",26%,"Excellent [26,50,50]",0,3,0,76,PIT2
PIT,3,3,0,"VAN, FLA, COL",53%,"Average [11,80,67]",0,1,0,73,PIT3
PIT,4,4,1,"STL, PHI, MIN, WPG",33%,"Good [22,36,12,62]",2,3,0,69,PIT4
PIT,5,4,1,"TOR, WSH, N.J, L.A",62%,"Average [44,79,50,50]",2,2,0,65,PIT5
PIT,6,2,2,"NSH, NSH",42%,"Good [42,42]",0,1,0,63,PIT6
PIT,7,2,1,"MIN, SEA",13%,"Excellent [14,12]",2,0,2,61,PIT7
PIT,8,3,0,"BUF, COL, TOR",53%,"Average [44,71,43]",2,1,0,58,PIT8
PIT,9,3,1,"PHI, T.B, DAL",50%,"Good [32,50,67]",0,3,0,55,PIT9
PIT,10,4,0,"ANA, MTL, S.J, UTA",44%,"Good [37,32,50,64]",2,0,0,51,PIT10
PIT,11,4,0,"EDM, OTT, MTL, MTL",40%,"Good [67,30,31,31]",2,2,0,47,PIT11
PIT,12,2,1,"TOR, CHI",28%,"Excellent [42,14]",0,2,0,45,PIT12
PIT,13,4,2,"CBJ, DET, DET, COL",48%,"Good [63,27,27,74]",2,2,0,41,PIT13
PIT,14,3,1,"N.J, CAR, BOS",55%,"Average [50,93,17]",2,1,0,38,PIT14
PIT,15,3,0,"T.B, PHI, COL",51%,"Average [50,26,76]",0,0,0,35,PIT15
PIT,16,4,0,"SEA, CAR, EDM, VAN",44%,"Good [10,93,55,20]",2,4,0,31,PIT16
PIT,17,2,0,"CHI, NYR",36%,"Good [17,55]",0,0,0,29,PIT17
PIT,18,6,0,"OTT, NYI, BUF, N.J, NYR, VGK",46%,"Good [26,50,42,50,54,57]",4,3,0,23,PIT18
PIT,19,4,0,"BOS, BUF, PHI, BOS",25%,"Excellent [18,42,22,18]",2,1,0,19,PIT19
PIT,20,3,0,"CBJ, VGK, UTA",57%,"Average [62,54,55]",0,3,0,16,PIT20
PIT,21,4,1,"CGY, CBJ, WPG, CBJ",50%,"Good [32,62,42,62]",2,2,0,12,PIT21
PIT,22,3,0,"CGY, OTT, DAL",31%,"Good [32,24,38]",0,1,0,9,PIT22
PIT,23,5,1,"NYI, DET, T.B, FLA, FLA",49%,"Good [46,33,50,58,58]",4,2,0,4,PIT23
PIT,24,4,0,"N.J, WSH, WSH, STL",60%,"Average [50,77,77,25]",2,3,0,0,PIT24
S.J,1,2,0,"VGK, ANA",55%,"Average [85,25]",0,0,0,80,S.J1
S.J,2,3,1,"CBJ, UTA, PIT",67%,"Average [65,71,64]",2,1,0,77,S.J2
S.J,3,4,1,"NYI, NYR, N.J, MIN",47%,"Good [61,68,50,12]",2,4,0,73,S.J3
S.J,4,4,1,"L.A, N.J, CGY, DET",29%,"Excellent [50,50,36,22]",2,0,0,69,S.J4
S.J,5,3,2,"SEA, WPG, FLA",50%,"Good [12,61,78]",2,1,0,66,S.J5
S.J,6,3,0,"MIN, CAR, SEA",39%,"Good [13,92,12]",0,3,0,63,S.J6
S.J,7,4,0,"UTA, L.A, OTT, BOS",38%,"Good [67,50,32,16]",2,0,4,59,S.J7
S.J,8,3,0,"CGY, VAN, VGK",41%,"Good [35,15,74]",2,2,0,56,S.J8
S.J,9,4,3,"UTA, WSH, DAL, CBJ",69%,"Average [65,79,67,64]",0,2,0,52,S.J9
S.J,10,3,0,"PHI, TOR, PIT",46%,"Good [31,43,64]",0,3,0,49,S.J10
S.J,11,3,0,"CAR, DAL, SEA",55%,"Average [92,62,11]",0,0,0,46,S.J11
S.J,12,2,0,"VGK, VAN",42%,"Good [67,17]",0,2,0,44,S.J12
S.J,13,3,0,"ANA, MIN, T.B",28%,"Excellent [41,16,50]",0,1,0,41,S.J13
S.J,14,4,2,"COL, L.A, DAL, VGK",65%,"Average [75,50,56,64]",4,1,0,37,S.J14
S.J,15,2,1,"WSH, DET",53%,"Average [78,28]",2,2,0,35,S.J15
S.J,16,3,0,"FLA, T.B, NYR",61%,"Average [66,50,56]",2,2,0,32,S.J16
S.J,17,3,0,"VAN, EDM, CAR",55%,"Average [20,53,93]",0,3,0,29,S.J17
S.J,18,5,0,"CHI, CGY, CAR, EDM, WPG",48%,"Good [18,33,93,51,45]",2,2,0,24,S.J18
S.J,19,3,0,"MTL, STL, NYI",34%,"Good [29,24,49]",2,0,0,21,S.J19
S.J,20,4,0,"BUF, BOS, MTL, OTT",28%,"Excellent [41,18,29,25]",2,4,0,17,S.J20
S.J,21,3,0,"EDM, BUF, PHI",35%,"Good [44,41,20]",0,1,0,14,S.J21
S.J,22,3,0,"NSH, STL, COL",43%,"Good [25,25,80]",0,3,0,11,S.J22
S.J,23,4,2,"STL, ANA, TOR, NSH",36%,"Good [25,54,39,24]",2,0,0,7,S.J23
S.J,24,7,2,"CHI, EDM, ANA, VAN, NSH, CHI, WPG",31%,"Good [21,37,55,25,23,21,38]",4,4,0,0,S.J24
SEA,1,2,0,"ANA, VGK",55%,"Average [25,85]",0,0,0,80,SEA1
SEA,2,3,0,"MTL, OTT, TOR",38%,"Good [34,35,45]",0,3,0,77,SEA2
SEA,3,4,1,"PHI, WSH, WPG, EDM",66%,"Average [37,80,64,85]",2,3,0,73,SEA3
SEA,4,2,0,"MTL, NYR",50%,"Good [33,67]",0,0,0,71,SEA4
SEA,5,4,2,"CHI, S.J, STL, DAL",36%,"Good [10,50,22,75]",2,2,0,67,SEA5
SEA,6,3,0,"COL, WPG, S.J",64%,"Average [69,60,50]",0,0,0,64,SEA6
SEA,7,4,0,"DET, CHI, PIT, NYI",40%,"Good [24,12,64,58]",2,4,4,60,SEA7
SEA,8,2,0,"DAL, EDM",72%,"Difficult [69,74]",0,0,0,58,SEA8
SEA,9,2,0,"EDM, DET",48%,"Good [72,25]",0,1,0,56,SEA9
SEA,10,4,3,"MIN, L.A, UTA, BUF",41%,"Good [15,50,64,44]",0,1,0,52,SEA10
SEA,11,3,0,"CGY, CAR, S.J",64%,"Average [35,92,50]",0,2,0,49,SEA11
SEA,12,3,2,"ANA, L.A, PHI",34%,"Good [39,50,29]",3,2,0,46,SEA12
SEA,13,3,1,"VAN, NSH, VAN",24%,"Excellent [18,35,18]",3,1,0,43,SEA13
SEA,14,4,1,"CAR, BOS, MIN, CBJ",48%,"Good [93,17,17,63]",2,2,0,39,SEA14
SEA,15,4,1,"NYR, N.J, BOS, UTA",44%,"Good [56,50,17,59]",2,4,0,35,SEA15
SEA,16,4,0,"PIT, NYI, ANA, N.J",53%,"Average [63,51,45,50]",0,0,0,31,SEA16
SEA,17,3,0,"WSH, TOR, VGK",59%,"Average [78,41,59]",0,1,0,28,SEA17
SEA,18,5,0,"ANA, L.A, DAL, STL, VAN",35%,"Good [47,50,47,24,21]",4,4,0,23,SEA18
SEA,19,3,1,"CBJ, STL, OTT",37%,"Good [62,24,25]",0,0,0,20,SEA19
SEA,20,4,0,"NSH, CGY, VAN, FLA",36%,"Good [27,32,22,62]",2,1,0,16,SEA20
SEA,21,3,0,"T.B, NSH, COL",53%,"Average [50,26,80]",0,2,0,13,SEA21
SEA,22,3,0,"FLA, T.B, BUF",50%,"Good [60,50,41]",0,3,0,10,SEA22
SEA,23,3,0,"EDM, UTA, CHI",37%,"Good [39,52,21]",0,1,0,7,SEA23
SEA,24,7,1,"WPG, MIN, VGK, CAR, L.A, VGK, CGY",47%,"Good [38,21,48,94,50,48,31]",4,4,0,0,SEA24
STL,1,2,0,"MIN, CAR",51%,"Average [11,91]",0,1,0,80,STL1
STL,2,3,1,"VAN, CHI, DAL",34%,"Good [11,9,82]",0,1,0,77,STL2
STL,3,3,0,"L.A, UTA, DET",46%,"Good [50,70,21]",0,1,0,74,STL3
STL,4,4,1,"PIT, DET, VAN, COL",42%,"Good [64,22,12,68]",2,2,0,70,STL4
STL,5,4,2,"EDM, WSH, BUF, SEA",54%,"Average [81,79,45,12]",2,2,0,66,STL5
STL,6,3,1,"CAR, PHI, VGK",68%,"Average [92,34,77]",2,0,0,63,STL6
STL,7,3,0,"TOR, PHI, NYI",45%,"Good [43,33,58]",0,3,3,60,STL7
STL,8,4,0,"NYR, N.J, OTT, UTA",54%,"Average [63,50,32,66]",2,2,0,56,STL8
STL,9,4,1,"ANA, BOS, OTT, MTL",28%,"Excellent [35,16,31,32]",2,3,0,52,STL9
STL,10,3,1,"BOS, NSH, CHI",23%,"Excellent [17,38,13]",2,1,0,49,STL10
STL,11,4,2,"NSH, WPG, NYR, FLA",56%,"Average [37,54,60,71]",2,1,0,45,STL11
STL,12,2,1,"T.B, NSH",36%,"Good [50,36]",0,1,0,43,STL12
STL,13,4,1,"BUF, CGY, VGK, MTL",44%,"Good [43,34,66,31]",2,1,0,39,STL13
STL,14,3,2,"CHI, UTA, VGK",47%,"Good [16,60,64]",2,3,0,36,STL14
STL,15,3,2,"CBJ, T.B, EDM",60%,"Average [63,50,58]",0,1,0,33,STL15
STL,16,3,0,"WPG, DAL, L.A",50%,"Good [48,51,50]",2,2,0,30,STL16
STL,17,3,0,"DAL, FLA, COL",64%,"Average [49,65,77]",0,0,0,27,STL17
STL,18,5,0,"NSH, DAL, SEA, N.J, MIN",26%,"Excellent [29,47,9,50,19]",2,3,0,22,STL18
STL,19,3,1,"SEA, S.J, ANA",29%,"Excellent [9,50,49]",0,3,0,19,STL19
STL,20,4,1,"NYI, CBJ, EDM, WPG",50%,"Good [48,62,46,43]",2,2,0,15,STL20
STL,21,2,0,"CAR, VAN",58%,"Average [94,23]",0,2,0,13,STL21
STL,22,3,0,"WSH, S.J, TOR",58%,"Average [77,50,39]",0,0,0,10,STL22
STL,23,4,3,"S.J, L.A, ANA, CGY",43%,"Good [50,50,54,32]",0,4,0,6,STL23
STL,24,6,0,"CGY, WPG, CHI, MIN, PIT, UTA",38%,"Good [31,38,21,21,63,51]",2,2,0,0,STL24
T.B,1,2,0,"OTT, N.J",36%,"Good [36,50]",0,0,0,80,T.B1
T.B,2,4,1,"BOS, WSH, DET, COL",46%,"Good [15,80,21,67]",4,4,0,76,T.B2
T.B,3,3,0,"CHI, ANA, VGK",40%,"Good [9,28,82]",2,0,0,73,T.B3
T.B,4,3,1,"NSH, DAL, UTA",63%,"Average [44,77,69]",0,2,0,70,T.B4
T.B,5,3,0,"CGY, VGK, WSH",65%,"Average [36,79,79]",0,2,0,67,T.B5
T.B,6,3,2,"NYR, FLA, VAN",52%,"Average [65,77,13]",2,1,0,64,T.B6
T.B,7,3,0,"N.J, EDM, WSH",78%,"Difficult [50,76,79]",0,1,3,61,T.B7
T.B,8,4,0,"PHI, CAR, DET, NYR",53%,"Average [32,92,24,63]",2,2,0,57,T.B8
T.B,9,3,0,"NYI, PIT, NYI",59%,"Average [56,64,56]",0,1,0,54,T.B9
T.B,10,4,1,"TOR, MTL, N.J, NYI",43%,"Good [43,32,50,55]",2,4,0,50,T.B10
T.B,11,3,1,"FLA, L.A, CBJ",67%,"Average [71,50,63]",0,0,0,47,T.B11
T.B,12,3,2,"STL, FLA, MTL",41%,"Good [23,70,31]",2,1,0,44,T.B12
T.B,13,3,0,"ANA, L.A, S.J",41%,"Good [41,50,50]",2,3,0,41,T.B13
T.B,14,2,0,"CGY, PHI",30%,"Excellent [34,27]",0,1,0,39,T.B14
T.B,15,4,2,"PHI, PIT, STL, DAL",42%,"Good [26,64,23,54]",2,4,0,35,T.B15
T.B,16,3,0,"S.J, CHI, COL",46%,"Good [50,17,76]",2,2,0,32,T.B16
T.B,17,3,2,"UTA, WPG, BOS",41%,"Good [58,47,18]",0,0,0,29,T.B17
T.B,18,5,0,"BUF, FLA, TOR, CBJ, BUF",50%,"Good [42,64,40,62,42]",2,1,0,24,T.B18
T.B,19,4,0,"MIN, WPG, TOR, BUF",36%,"Good [19,44,40,42]",2,4,0,20,T.B19
T.B,20,3,0,"COL, DET, CBJ",57%,"Average [79,31,62]",0,0,0,17,T.B20
T.B,21,4,0,"SEA, VAN, EDM, CAR",42%,"Good [9,23,44,94]",2,4,0,13,T.B21
T.B,22,4,0,"MIN, SEA, OTT, NSH",20%,"Excellent [20,9,24,25]",2,0,0,9,T.B22
T.B,23,3,0,"MTL, PIT, BOS",37%,"Good [28,63,19]",0,0,0,6,T.B23
T.B,24,6,1,"BUF, OTT, MTL, BOS, DET, NYR",32%,"Good [40,23,28,19,33,48]",2,4,0,0,T.B24
TOR,1,2,1,"MTL, DET",27%,"Excellent [34,20]",0,1,0,80,TOR1
TOR,2,4,0,"DET, NSH, NYR, SEA",37%,"Good [21,46,69,13]",2,0,0,76,TOR2
TOR,3,3,1,"N.J, BUF, BUF",46%,"Good [50,46,46]",2,1,0,73,TOR3
TOR,4,3,1,"CAR, COL, PHI",65%,"Average [91,68,36]",2,2,0,70,TOR4
TOR,5,4,2,"PIT, UTA, BOS, CBJ",53%,"Average [64,68,16,64]",2,0,0,66,TOR5
TOR,6,3,0,"BOS, L.A, CHI",14%,"Excellent [16,50,11]",0,2,0,63,TOR6
TOR,7,3,0,"STL, COL, MTL",41%,"Good [22,70,32]",0,1,3,60,TOR7
TOR,8,3,0,"COL, WSH, PIT",71%,"Difficult [71,79,64]",2,3,0,57,TOR8
TOR,9,3,0,"FLA, CBJ, MTL",56%,"Average [73,64,32]",0,2,0,54,TOR9
TOR,10,3,1,"T.B, S.J, EDM",69%,"Average [50,50,69]",0,0,0,51,TOR10
TOR,11,4,0,"CHI, WSH, NSH, DAL",48%,"Good [14,79,37,62]",2,3,0,47,TOR11
TOR,12,3,1,"PIT, OTT, DET",40%,"Good [64,30,26]",2,1,0,44,TOR12
TOR,13,3,1,"N.J, WPG, NYI",52%,"Average [50,52,53]",0,1,0,41,TOR13
TOR,14,3,0,"FLA, PHI, VAN",38%,"Good [68,27,19]",0,1,0,38,TOR14
TOR,15,4,0,"CGY, UTA, VGK, WPG",51%,"Average [34,59,62,49]",2,4,0,34,TOR15
TOR,16,4,0,"MIN, DET, VGK, CGY",35%,"Good [18,29,61,33]",0,0,0,30,TOR16
TOR,17,3,0,"BUF, SEA, VAN",24%,"Excellent [42,10,20]",0,2,0,27,TOR17
TOR,18,5,0,"CAR, EDM, T.B, FLA, OTT",58%,"Average [93,51,50,64,26]",4,4,0,22,TOR18
TOR,19,4,1,"PHI, N.J, NYR, T.B",38%,"Good [22,50,53,50]",2,2,0,18,TOR19
TOR,20,4,0,"MTL, ANA, BUF, MIN",35%,"Good [29,50,41,20]",2,3,0,14,TOR20
TOR,21,3,1,"NYI, CBJ, OTT",45%,"Good [48,62,24]",2,1,0,11,TOR21
TOR,22,3,1,"BOS, NYR, STL",31%,"Good [19,50,25]",2,2,0,8,TOR22
TOR,23,3,1,"ANA, S.J, L.A",54%,"Average [54,50,50]",0,3,0,5,TOR23
TOR,24,5,1,"WSH, NYI, FLA, DAL, OTT",47%,"Good [77,45,57,34,23]",2,2,0,0,TOR24
UTA,1,2,0,"CGY, NSH",42%,"Good [37,47]",0,2,0,80,UTA1
UTA,2,4,3,"CHI, CAR, S.J, BOS",38%,"Good [9,91,50,15]",0,1,0,76,UTA2
UTA,3,4,0,"CGY, STL, MIN, WPG",34%,"Good [37,21,12,64]",2,3,0,72,UTA3
UTA,4,2,1,"EDM, T.B",83%,"Difficult [83,50]",0,1,0,70,UTA4
UTA,5,4,1,"BUF, TOR, MTL, OTT",39%,"Good [45,44,33,34]",4,4,0,66,UTA5
UTA,6,2,2,"BUF, NYI",52%,"Average [45,58]",0,0,0,64,UTA6
UTA,7,4,0,"ANA, S.J, VGK, NYR",57%,"Average [33,50,75,64]",2,2,3,60,UTA7
UTA,8,4,0,"VGK, MTL, DAL, STL",49%,"Good [74,32,69,22]",2,2,0,56,UTA8
UTA,9,4,3,"S.J, ANA, VAN, CAR",47%,"Good [50,35,15,92]",2,4,0,52,UTA9
UTA,10,4,3,"L.A, FLA, SEA, PIT",49%,"Good [50,72,11,64]",0,1,0,48,UTA10
UTA,11,4,2,"BOS, DET, N.J, WPG",32%,"Good [17,26,50,54]",2,2,0,44,UTA11
UTA,12,1,0,CGY,34%,Good [34],0,1,0,43,UTA12
UTA,13,3,0,"NSH, NYI, N.J",44%,"Good [35,53,50]",0,2,0,40,UTA13
UTA,14,4,4,"NYR, OTT, STL, COL",46%,"Good [57,28,23,75]",0,1,0,36,UTA14
UTA,15,3,0,"TOR, DAL, SEA",35%,"Good [41,54,10]",0,0,0,33,UTA15
UTA,16,2,0,"PHI, NSH",28%,"Excellent [25,31]",0,1,0,31,UTA16
UTA,17,4,1,"T.B, FLA, CBJ, DAL",59%,"Average [50,65,62,49]",2,3,0,27,UTA17
UTA,18,5,1,"VAN, DET, CGY, MIN, CHI",24%,"Excellent [21,30,33,19,18]",0,0,0,22,UTA18
UTA,19,3,0,"WSH, PHI, COL",59%,"Average [78,22,78]",0,3,0,19,UTA19
UTA,20,4,1,"CHI, MIN, CHI, PIT",30%,"Excellent [19,20,19,63]",2,2,0,15,UTA20
UTA,21,4,2,"DAL, VGK, ANA, L.A",48%,"Good [41,53,51,50]",2,2,0,11,UTA21
UTA,22,3,0,"EDM, WSH, L.A",59%,"Average [41,77,50]",0,1,0,8,UTA22
UTA,23,2,0,"SEA, VAN",16%,"Excellent [8,24]",0,2,0,6,UTA23
UTA,24,6,0,"EDM, NSH, CBJ, CAR, WPG, STL",46%,"Good [37,23,61,94,38,25]",2,1,0,0,UTA24
VAN,1,2,0,"CAR, EDM",90%,"Difficult [91,90]",0,1,0,80,VAN1
VAN,2,4,2,"STL, DAL, CHI, WSH",48%,"Good [21,82,9,80]",2,3,0,76,VAN2
VAN,3,4,0,"PIT, NSH, MTL, EDM",57%,"Average [64,45,33,85]",2,2,0,72,VAN3
VAN,4,3,0,"NYR, STL, MIN",34%,"Good [67,22,12]",0,2,0,69,VAN4
VAN,5,4,2,"NSH, CHI, COL, CGY",40%,"Good [43,10,69,36]",2,1,0,65,VAN5
VAN,6,3,2,"WPG, CBJ, T.B",62%,"Average [60,64,50]",1,2,0,62,VAN6
VAN,7,3,0,"FLA, DAL, CAR",80%,"Difficult [76,71,92]",1,1,2,59,VAN7
VAN,8,3,0,"ANA, S.J, L.A",34%,"Good [34,50,50]",2,3,0,56,VAN8
VAN,9,3,1,"CGY, UTA, MIN",38%,"Good [35,65,15]",2,1,0,53,VAN9
VAN,10,3,1,"DET, BUF, N.J",34%,"Good [25,44,50]",0,1,0,50,VAN10
VAN,11,3,1,"NYR, NYI, BOS",44%,"Good [60,55,17]",2,3,0,47,VAN11
VAN,12,2,1,"PHI, S.J",29%,"Excellent [29,50]",0,1,0,45,VAN12
VAN,13,4,2,"SEA, PHI, SEA, BOS",17%,"Excellent [11,28,11,17]",4,1,0,41,VAN13
VAN,14,3,0,"BUF, DET, TOR",37%,"Good [43,28,41]",0,3,0,38,VAN14
VAN,15,4,0,"MTL, OTT, COL, EDM",48%,"Good [30,28,76,58]",2,3,0,34,VAN15
VAN,16,4,0,"NYI, WSH, N.J, PIT",64%,"Average [51,78,50,63]",0,0,0,30,VAN16
VAN,17,3,0,"S.J, ANA, TOR",44%,"Good [50,46,41]",0,0,0,27,VAN17
VAN,18,4,0,"UTA, VGK, WPG, SEA",42%,"Good [57,57,45,9]",0,3,0,23,VAN18
VAN,19,4,1,"DAL, CBJ, CHI, WPG",42%,"Good [45,62,19,44]",2,2,0,19,VAN19
VAN,20,3,1,"OTT, NSH, SEA",20%,"Excellent [25,27,9]",0,0,0,16,VAN20
VAN,21,3,0,"FLA, T.B, STL",42%,"Good [61,50,24]",0,0,0,13,VAN21
VAN,22,3,0,"ANA, L.A, CAR",74%,"Difficult [53,50,94]",0,1,0,10,VAN22
VAN,23,4,2,"VGK, CGY, MIN, UTA",38%,"Good [49,32,21,52]",2,3,0,6,VAN23
VAN,24,6,0,"VGK, L.A, S.J, ANA, L.A, EDM",47%,"Good [48,50,50,55,50,37]",2,4,0,0,VAN24
VGK,1,3,1,"L.A, S.J, SEA",13%,"Excellent [50,50,13]",2,2,0,79,VGK1
VGK,2,3,0,"CAR, BOS, CAR",66%,"Average [91,15,91]",0,1,0,76,VGK2
VGK,3,3,1,"CBJ, FLA, T.B",72%,"Difficult [65,80,50]",2,2,0,73,VGK3
VGK,4,2,1,"CBJ, CGY",50%,"Good [64,36]",0,1,0,71,VGK4
VGK,5,3,0,"DET, T.B, ANA",26%,"Excellent [22,50,30]",0,0,0,68,VGK5
VGK,6,4,2,"FLA, NYI, STL, MIN",42%,"Good [77,58,22,13]",2,2,0,64,VGK6
VGK,7,3,0,"NYR, UTA, ANA",55%,"Average [64,67,33]",0,2,3,61,VGK7
VGK,8,4,0,"UTA, OTT, MTL, S.J",43%,"Good [66,32,32,50]",2,1,0,57,VGK8
VGK,9,3,1,"CHI, N.J, NYR",38%,"Good [13,50,62]",0,2,0,54,VGK9
VGK,10,3,0,"NYI, PHI, COL",53%,"Average [55,31,72]",0,3,0,51,VGK10
VGK,11,3,1,"N.J, CAR, EDM",80%,"Difficult [50,92,67]",2,2,0,48,VGK11
VGK,12,2,0,"S.J, CGY",34%,"Good [50,34]",0,0,0,46,VGK12
VGK,13,4,2,"MIN, NSH, STL, CHI",22%,"Excellent [16,35,23,15]",0,2,0,42,VGK13
VGK,14,4,1,"WPG, COL, STL, S.J",49%,"Good [50,75,23,50]",2,2,0,38,VGK14
VGK,15,3,1,"L.A, TOR, NSH",37%,"Good [50,41,33]",2,1,0,35,VGK15
VGK,16,4,0,"PHI, BOS, TOR, OTT",28%,"Excellent [25,18,41,27]",2,3,0,31,VGK16
VGK,17,4,1,"MTL, DAL, SEA, ANA",34%,"Good [30,49,10,46]",2,2,0,27,VGK17
VGK,18,5,1,"VAN, L.A, L.A, WSH, PIT",54%,"Average [21,50,50,78,63]",2,3,0,22,VGK18
VGK,19,4,1,"BUF, DET, MIN, EDM",35%,"Good [42,31,19,48]",2,2,0,18,VGK19
VGK,20,3,0,"DAL, PIT, CHI",42%,"Good [43,63,19]",0,1,0,15,VGK20
VGK,21,4,0,"BUF, UTA, NSH, DAL",40%,"Good [41,54,26,41]",2,2,0,11,VGK21
VGK,22,3,0,"WPG, EDM, WSH",53%,"Average [41,41,77]",0,1,0,8,VGK22
VGK,23,3,1,"VAN, CAR, EDM",52%,"Average [24,94,39]",0,1,0,5,VGK23
VGK,24,5,0,"VAN, SEA, CGY, WPG, SEA",22%,"Excellent [25,8,31,38,8]",0,3,0,0,VGK24
WPG,1,2,0,"DAL, L.A",84%,"Difficult [84,50]",0,0,0,80,WPG1
WPG,2,3,0,"NYI, PHI, NSH",48%,"Good [61,38,46]",0,2,0,77,WPG2
WPG,3,4,2,"CAR, SEA, CAR, UTA",66%,"Average [91,13,91,70]",2,1,0,73,WPG3
WPG,4,3,0,"MIN, CHI, PIT",29%,"Excellent [12,10,64]",0,1,0,70,WPG4
WPG,5,3,1,"L.A, S.J, ANA",30%,"Excellent [50,50,30]",0,3,0,67,WPG5
WPG,6,3,0,"VAN, SEA, CAR",39%,"Good [13,12,92]",0,3,0,64,WPG6
WPG,7,3,1,"COL, CBJ, MIN",49%,"Good [70,64,14]",0,0,3,61,WPG7
WPG,8,3,0,"WSH, CBJ, NSH",61%,"Average [79,64,40]",2,3,0,58,WPG8
WPG,9,4,3,"BUF, MTL, BUF, EDM",48%,"Good [44,32,44,72]",2,3,0,54,WPG9
WPG,10,3,0,"DAL, BOS, WSH",53%,"Average [64,17,79]",0,0,0,51,WPG10
WPG,11,4,3,"OTT, STL, CGY, UTA",38%,"Good [30,23,35,63]",0,3,0,47,WPG11
WPG,12,1,0,MIN,16%,Excellent [16],0,0,0,46,WPG12
WPG,13,4,0,"EDM, DET, TOR, OTT",40%,"Good [62,27,42,29]",2,3,0,42,WPG13
WPG,14,4,2,"VGK, EDM, L.A, N.J",62%,"Average [64,60,50,50]",2,0,0,38,WPG14
WPG,15,3,0,"NYI, MIN, TOR",37%,"Good [52,17,41]",0,1,0,35,WPG15
WPG,16,4,0,"CHI, STL, FLA, DET",34%,"Good [17,24,66,29]",2,1,0,31,WPG16
WPG,17,3,0,"N.J, T.B, FLA",65%,"Average [50,50,65]",0,3,0,28,WPG17
WPG,18,5,1,"DAL, MTL, VAN, ANA, S.J",36%,"Good [47,29,21,47,50]",0,4,0,23,WPG18
WPG,19,3,0,"CHI, T.B, VAN",20%,"Excellent [19,50,22]",0,0,0,20,WPG19
WPG,20,4,0,"ANA, NYR, CGY, STL",40%,"Good [50,52,32,24]",2,0,0,16,WPG20
WPG,21,4,0,"NSH, BOS, PIT, NYR",40%,"Good [26,18,63,51]",2,3,0,12,WPG21
WPG,22,3,0,"VGK, CGY, CGY",38%,"Good [51,32,32]",0,1,0,9,WPG22
WPG,23,3,0,"CHI, DAL, COL",46%,"Good [21,36,81]",0,3,0,6,WPG23
WPG,24,6,1,"SEA, STL, PHI, VGK, UTA, S.J",30%,"Excellent [8,25,18,48,51,50]",2,3,0,0,WPG24
WSH,1,3,2,"BOS, NYI, NYR",49%,"Good [15,62,70]",2,2,0,79,WSH1
WSH,2,3,2,"T.B, MIN, VAN",11%,"Excellent [50,11,11]",0,0,0,76,WSH2
WSH,3,3,1,"SEA, COL, OTT",38%,"Good [13,67,35]",2,1,0,73,WSH3
WSH,4,3,1,"DAL, NYI, BUF",61%,"Average [77,60,45]",2,2,0,70,WSH4
WSH,5,3,1,"STL, PIT, T.B",43%,"Good [22,64,50]",2,2,0,67,WSH5
WSH,6,3,0,"CBJ, FLA, N.J",70%,"Average [64,77,50]",0,2,0,64,WSH6
WSH,7,4,1,"L.A, EDM, MTL, T.B",54%,"Average [50,76,32,50]",2,1,3,60,WSH7
WSH,8,4,1,"COL, WPG, TOR, NYI",57%,"Average [71,58,43,57]",0,1,0,56,WSH8
WSH,9,4,2,"L.A, S.J, ANA, COL",54%,"Average [50,50,35,72]",2,3,0,52,WSH9
WSH,10,2,0,"CBJ, WPG",59%,"Average [63,55]",0,1,0,50,WSH10
WSH,11,4,0,"MIN, TOR, DET, DET",27%,"Excellent [15,42,26,26]",2,2,0,46,WSH11
WSH,12,2,0,"NYR, N.J",59%,"Average [59,50]",0,1,0,44,WSH12
WSH,13,4,0,"FLA, NYR, OTT, CHI",43%,"Good [69,58,29,15]",2,2,0,40,WSH13
WSH,14,4,4,"ANA, DAL, CHI, NSH",37%,"Good [42,56,16,34]",0,2,0,36,WSH14
WSH,15,3,0,"MTL, S.J, FLA",48%,"Good [30,50,67]",0,0,0,33,WSH15
WSH,16,4,0,"CGY, VAN, CAR, EDM",50%,"Good [33,20,93,55]",2,4,0,29,WSH16
WSH,17,3,0,"SEA, DET, CBJ",34%,"Good [10,29,62]",0,2,0,26,WSH17
WSH,18,6,1,"NYI, PHI, NSH, PHI, VGK, MTL",35%,"Good [50,23,29,23,57,29]",4,2,0,20,WSH18
WSH,19,2,0,"UTA, BOS",37%,"Good [56,18]",0,1,0,18,WSH19
WSH,20,4,2,"CAR, PHI, BUF, BOS",44%,"Good [94,21,41,18]",2,2,0,14,WSH20
WSH,21,3,1,"OTT, N.J, CGY",28%,"Excellent [24,50,32]",0,0,0,11,WSH21
WSH,22,3,0,"STL, UTA, VGK",43%,"Good [25,53,51]",0,3,0,8,WSH22
WSH,23,4,0,"PHI, N.J, BUF, NYR",36%,"Good [19,50,41,49]",2,2,0,4,WSH23
WSH,24,4,1,"TOR, PIT, PIT, COL",62%,"Average [39,63,63,82]",2,3,0,0,WSH24
